employee_id,bank_id,first_name,last_name,position,salary,phone
2,5,Priya,Verma,Branch Head,37633.52,9544468383
3,85,Ravi,Sharma,Branch Head,83707.43,9814222878
4,43,Pooja,Jain,Branch Head,68017.99,9898894898
5,6,Rajesh,Sharma,Branch Head,76399.76,9270823792
6,84,Ravi,Kumar,Assistant Manager,37472.49,9254846793
7,38,Pooja,Sharma,Assistant Manager,84147.33,9172666708
8,72,Sonal,Gupta,Cashier,39765.66,9108485675
9,21,Vikram,Mehta,Loan Officer,94580.64,9642002923
10,87,Rajesh,Patel,Officer,79914.21,9593857346
11,62,Pooja,Jain,Cashier,22668.73,9892374556
12,54,Pooja,Singh,Loan Officer,45342.73,9631403057
13,7,Anita,Reddy,Branch Head,91183.25,9869261921
14,7,Amit,Reddy,Assistant Manager,29771.18,9700093746
15,76,Ravi,Choudhary,Clerk,27728.87,9207734247
16,49,Neha,Kumar,Loan Officer,55884.75,9910930173
17,74,Amit,Gupta,Manager,85676.17,9433462184
18,83,Priya,Jain,Branch Head,91855.35,9891571846
19,13,Ravi,Singh,Clerk,76961.77,9372534430
20,82,Priya,Kumar,Manager,95018.2,9776679050
21,24,Neha,Mehta,Officer,24252.59,9590548967
22,42,Anita,Jain,Clerk,84663.56,9930257047
23,87,Priya,Kumar,Assistant Manager,62707.25,9105236066
24,62,Sunil,Gupta,Branch Head,51315.53,9621517595
25,54,Pooja,Reddy,Assistant Manager,83062.01,9727845097
26,43,Ravi,Sharma,Cashier,38381.04,9383989555
27,22,Sunil,Jain,Officer,49715.44,9312974442
28,44,Sunil,Kumar,Branch Head,36853.71,9127463441
29,41,Ravi,Choudhary,Loan Officer,96165.63,9791337772
30,7,Neha,Mehta,Manager,89992.12,9925167614
31,27,Rajesh,Reddy,Assistant Manager,91338.55,9372821408
32,9,Vikram,Verma,Manager,29394.75,9418043529
33,21,Vikram,Verma,Clerk,32083.97,9810094447
34,69,Priya,Verma,Clerk,61548.96,9910264852
35,99,Rajesh,Patel,Assistant Manager,23758.28,9767714609
36,3,Rajesh,Jain,Clerk,91886.69,9357522785
37,73,Anita,Singh,Loan Officer,72361.0,9756352050
38,76,Pooja,Jain,Officer,68838.54,9813499447
39,80,Ravi,Gupta,Cashier,58954.52,9962079118
40,87,Ravi,Choudhary,Cashier,27378.62,9795894899
41,90,Rajesh,Gupta,Branch Head,91286.03,9859726079
42,13,Pooja,Singh,Manager,58930.26,9888667556
43,42,Neha,Mehta,Clerk,68164.95,9606554547
44,78,Priya,Sharma,Cashier,94689.74,9763590035
45,54,Sonal,Mehta,Cashier,90029.39,9823867614
46,60,Pooja,Gupta,Branch Head,59426.68,9664087268
47,76,Neha,Kumar,Clerk,63014.16,9632272205
48,92,Ravi,Jain,Cashier,25505.79,9992042868
49,86,Rajesh,Kumar,Clerk,97759.97,9997389687
50,24,Vikram,Choudhary,Manager,82996.2,9385858193
51,35,Vikram,Kumar,Officer,98861.17,9852152328
52,51,Rajesh,Gupta,Cashier,24313.62,9703216313
53,3,Priya,Kumar,Manager,77553.68,9416717238
54,36,Anita,Patel,Branch Head,96825.78,9257729385
55,44,Ravi,Kumar,Loan Officer,51994.02,9431965388
56,18,Priya,Reddy,Manager,39865.03,9210221408
57,23,Amit,Kumar,Cashier,55762.14,9113691719
58,6,Vikram,Gupta,Manager,68268.84,9526971338
59,77,Priya,Kumar,Officer,95595.22,9719481142
60,41,Ravi,Reddy,Cashier,20391.87,9356834032
61,31,Ravi,Choudhary,Officer,35872.78,9145457964
62,23,Pooja,Jain,Clerk,73816.05,9428601848
63,68,Rajesh,Verma,Officer,89087.17,9705187018
64,41,Pooja,Gupta,Branch Head,65978.31,9336079536
65,78,Anita,Jain,Officer,94726.46,9384092941
66,17,Neha,Mehta,Branch Head,26598.44,9586594532
67,99,Priya,Sharma,Manager,95353.77,9653533242
68,75,Rajesh,Jain,Cashier,39339.46,9663180343
69,2,Rajesh,Kumar,Branch Head,96865.9,9494723110
70,50,Priya,Singh,Officer,25867.36,9902909718
71,58,Sunil,Singh,Officer,46377.79,9140550531
72,3,Anita,Gupta,Assistant Manager,69296.71,9921775339
73,85,Sonal,Sharma,Assistant Manager,45244.89,9633524753
74,81,Neha,Verma,Manager,94370.03,9271056408
75,67,Sunil,Sharma,Manager,43127.48,9253547845
76,78,Amit,Jain,Loan Officer,65163.84,9485986540
77,57,Sonal,Singh,Officer,34214.95,9107826406
78,55,Vikram,Reddy,Loan Officer,96806.72,9918170485
79,38,Ravi,Singh,Officer,98040.65,9673733071
80,99,Priya,Patel,Branch Head,34166.58,9591055167
81,8,Neha,Sharma,Assistant Manager,56911.95,9383469652
82,51,Amit,Jain,Clerk,96467.08,9859580313
83,70,Anita,Jain,Branch Head,61998.98,9214914746
84,97,Vikram,Reddy,Loan Officer,64094.0,9195285900
85,35,Anita,Jain,Loan Officer,72364.61,9470527267
86,85,Anita,Kumar,Manager,80985.74,9192194742
87,2,Sonal,Mehta,Loan Officer,61753.3,9428063422
88,58,Priya,Verma,Assistant Manager,91808.05,9110412551
89,34,Ravi,Verma,Clerk,71577.92,9761444477
90,29,Sonal,Singh,Branch Head,74909.69,9101392360
91,19,Sunil,Reddy,Cashier,38747.7,9346681143
92,93,Rajesh,Choudhary,Manager,32865.21,9671363439
93,85,Sonal,Gupta,Loan Officer,64830.74,9890397433
94,100,Anita,Jain,Officer,60193.29,9733939720
95,80,Pooja,Jain,Branch Head,84175.02,9758110817
96,39,Vikram,Choudhary,Assistant Manager,77685.96,9146781017
97,68,Ravi,Kumar,Officer,29291.27,9844306054
98,19,Sonal,Verma,Cashier,29668.19,9869981043
99,76,Amit,Verma,Loan Officer,73658.94,9235989186
100,85,Neha,Mehta,Manager,29347.82,9172189590
101,65,Priya,Jain,Loan Officer,65311.22,9530049633
102,98,Pooja,Patel,Clerk,90760.16,9210273963
103,50,Amit,Mehta,Loan Officer,49391.03,9533067761
104,57,Pooja,Singh,Branch Head,68188.07,9913017603
105,65,Ravi,Gupta,Manager,65058.3,9861305674
106,64,Pooja,Sharma,Clerk,42120.8,9756602557
107,19,Neha,Gupta,Officer,60506.06,9651781607
108,20,Ravi,Patel,Clerk,42738.95,9429191817
109,44,Rajesh,Gupta,Clerk,38385.98,9948289207
110,98,Ravi,Mehta,Officer,88875.7,9648717832
111,72,Amit,Choudhary,Assistant Manager,25211.76,9545161407
112,64,Rajesh,Gupta,Assistant Manager,59378.45,9122630668
113,60,Vikram,Mehta,Manager,55199.86,9574151798
114,93,Pooja,Sharma,Loan Officer,53300.1,9519984158
115,14,Vikram,Verma,Manager,20307.97,9452241850
116,75,Amit,Verma,Assistant Manager,28020.46,9764076935
117,21,Amit,Reddy,Assistant Manager,20241.84,9929657184
118,20,Amit,Singh,Cashier,50958.11,9244151845
119,63,Ravi,Choudhary,Manager,96455.68,9408912847
120,49,Rajesh,Jain,Manager,34622.98,9828915833
121,66,Amit,Patel,Clerk,29961.1,9352901947
122,20,Pooja,Kumar,Officer,42531.56,9401573185
123,69,Amit,Patel,Clerk,42870.67,9754164868
124,15,Neha,Mehta,Officer,73292.8,9688675393
125,30,Sonal,Singh,Assistant Manager,66375.29,9160103985
126,12,Sunil,Choudhary,Clerk,75547.02,9661019257
127,65,Vikram,Jain,Branch Head,25079.98,9772950773
128,67,Vikram,Reddy,Branch Head,79335.52,9885473468
129,90,Sunil,Mehta,Officer,60120.29,9262409781
130,93,Neha,Sharma,Cashier,76122.78,9274881363
131,63,Sunil,Jain,Officer,28457.57,9928526631
132,50,Anita,Singh,Loan Officer,91225.26,9381713886
133,14,Ravi,Reddy,Manager,66308.32,9652098412
134,50,Sunil,Jain,Clerk,94086.67,9135359118
135,89,Vikram,Gupta,Officer,88293.91,9321911016
136,70,Sunil,Singh,Clerk,99477.82,9920379094
137,63,Sunil,Kumar,Branch Head,39060.93,9672816354
138,23,Ravi,Gupta,Manager,27037.04,9569437797
139,41,Vikram,Sharma,Loan Officer,45292.52,9955684124
140,5,Sunil,Choudhary,Officer,67857.64,9651705493
141,55,Priya,Gupta,Assistant Manager,48354.06,9321060796
142,25,Ravi,Singh,Loan Officer,30641.29,9647657837
143,20,Anita,Gupta,Clerk,58824.64,9956319666
144,84,Sunil,Jain,Clerk,29410.03,9501335310
145,58,Pooja,Choudhary,Branch Head,77190.95,9721873170
146,4,Priya,Singh,Cashier,50595.13,9867234704
147,4,Sonal,Jain,Branch Head,71707.98,9686923924
148,80,Sonal,Sharma,Manager,95732.49,9603844033
149,10,Sonal,Singh,Cashier,90110.91,9675327374
150,32,Anita,Singh,Loan Officer,34691.82,9954035782
151,37,Amit,Verma,Manager,87452.79,9365891608
152,81,Amit,Patel,Branch Head,83614.26,9315746645
153,61,Pooja,Reddy,Assistant Manager,79915.37,9852851410
154,3,Neha,Kumar,Manager,48501.88,9104268521
155,89,Pooja,Choudhary,Assistant Manager,93632.87,9694361172
156,12,Sunil,Reddy,Assistant Manager,23718.85,9937285373
157,21,Sonal,Kumar,Branch Head,86799.02,9551120210
158,24,Rajesh,Patel,Branch Head,78640.15,9242221152
159,21,Amit,Mehta,Clerk,93749.21,9641423246
160,17,Rajesh,Choudhary,Manager,78105.08,9469331807
161,81,Pooja,Mehta,Loan Officer,49734.73,9993725655
162,96,Neha,Jain,Cashier,86348.23,9590350406
163,48,Ravi,Patel,Branch Head,30978.96,9590384722
164,47,Priya,Kumar,Assistant Manager,66940.43,9512603831
165,75,Rajesh,Gupta,Manager,65626.81,9357576341
166,12,Priya,Patel,Loan Officer,87923.27,9482826659
167,16,Priya,Patel,Cashier,50594.93,9992733366
168,83,Sunil,Jain,Manager,48264.75,9633234599
169,60,Sonal,Gupta,Cashier,90208.69,9421065266
170,24,Priya,Choudhary,Loan Officer,28092.73,9904295587
171,89,Rajesh,Reddy,Loan Officer,27260.8,9462449915
172,65,Neha,Patel,Manager,55350.97,9280411742
173,18,Sonal,Reddy,Clerk,56256.03,9195783605
174,95,Neha,Reddy,Clerk,45772.43,9620877188
175,23,Ravi,Singh,Clerk,31016.52,9679129402
176,55,Vikram,Sharma,Loan Officer,64492.35,9710104723
177,68,Priya,Sharma,Officer,77401.57,9838321869
178,55,Ravi,Verma,Officer,47968.55,9585665587
179,80,Ravi,Kumar,Clerk,58871.57,9848461822
180,42,Vikram,Sharma,Manager,35310.68,9362898073
181,37,Rajesh,Kumar,Loan Officer,94384.53,9659996301
182,36,Sonal,Patel,Clerk,67412.63,9479523506
183,1,Priya,Mehta,Clerk,73771.16,9513067918
184,8,Amit,Sharma,Clerk,89994.57,9498782985
185,71,Priya,Patel,Assistant Manager,93623.77,9799600774
186,21,Neha,Kumar,Branch Head,94429.6,9945205090
187,86,Neha,Kumar,Officer,71022.41,9838967461
188,9,Priya,Sharma,Cashier,51244.23,9752974952
189,93,Ravi,Choudhary,Loan Officer,22049.68,9626460323
190,42,Sunil,Mehta,Loan Officer,25994.66,9253243050
191,82,Sunil,Reddy,Loan Officer,59321.66,9388008841
192,19,Sonal,Jain,Loan Officer,33689.98,9702060163
193,18,Sunil,Patel,Clerk,62290.22,9214853442
194,1,Amit,Jain,Manager,73420.01,9335607186
195,86,Anita,Kumar,Manager,78125.68,9852445566
196,88,Anita,Reddy,Clerk,83498.51,9998499521
197,59,Pooja,Kumar,Officer,24987.41,9688568404
198,92,Sunil,Kumar,Loan Officer,61293.65,9239836051
199,50,Pooja,Choudhary,Clerk,58301.38,9148725155
200,85,Amit,Patel,Cashier,44982.16,9867671655
201,40,Ravi,Reddy,Branch Head,98477.15,9666621846
202,91,Neha,Patel,Branch Head,47495.35,9760138810
203,74,Anita,Kumar,Cashier,91699.79,9108456620
204,2,Ravi,Choudhary,Clerk,35305.23,9455891157
205,38,Pooja,Singh,Clerk,90345.33,9179266782
206,37,Priya,Mehta,Cashier,57696.16,9929577773
207,15,Ravi,Verma,Officer,67871.86,9464210585
208,66,Amit,Reddy,Branch Head,95221.84,9517027763
209,99,Neha,Patel,Loan Officer,73644.3,9805159671
210,48,Pooja,Jain,Assistant Manager,57245.1,9569512051
211,24,Priya,Gupta,Officer,55241.2,9577276036
212,77,Anita,Choudhary,Manager,36646.42,9929340628
213,17,Anita,Mehta,Clerk,55194.07,9362495004
214,70,Amit,Jain,Assistant Manager,24456.13,9199378907
215,68,Vikram,Gupta,Assistant Manager,21615.85,9777404040
216,18,Neha,Gupta,Assistant Manager,30163.3,9862163964
217,1,Sonal,Verma,Manager,43216.74,9627095599
218,25,Priya,Reddy,Clerk,83232.94,9840540554
219,35,Anita,Kumar,Clerk,59750.87,9459671693
220,61,Anita,Kumar,Manager,30979.77,9475192527
221,67,Vikram,Singh,Cashier,90228.35,9760914286
222,46,Amit,Kumar,Loan Officer,87167.52,9853059731
223,9,Neha,Verma,Assistant Manager,64683.56,9193345323
224,7,Pooja,Singh,Assistant Manager,38063.03,9438765867
225,60,Anita,Mehta,Cashier,94626.74,9554117110
226,49,Neha,Choudhary,Clerk,34507.89,9124733889
227,17,Priya,Verma,Loan Officer,29072.15,9742861263
228,19,Sonal,Mehta,Officer,59702.03,9112986667
229,51,Priya,Kumar,Cashier,85297.66,9647350300
230,69,Vikram,Jain,Cashier,22973.76,9979858787
231,18,Priya,Patel,Manager,37289.27,9274427799
232,79,Ravi,Sharma,Clerk,72699.25,9204431148
233,49,Ravi,Reddy,Loan Officer,49966.53,9753063731
234,34,Sunil,Reddy,Manager,47773.9,9361523434
235,45,Amit,Mehta,Assistant Manager,97435.75,9825369262
236,89,Anita,Singh,Manager,93554.07,9614457727
237,15,Priya,Singh,Clerk,30440.58,9624100635
238,2,Priya,Sharma,Officer,42221.71,9545415509
239,75,Priya,Mehta,Branch Head,71939.11,9121270465
240,8,Amit,Gupta,Manager,63435.24,9554400479
241,31,Vikram,Jain,Clerk,80854.63,9693506960
242,74,Amit,Sharma,Assistant Manager,69520.93,9859533069
243,20,Pooja,Singh,Clerk,52750.57,9198515172
244,86,Vikram,Gupta,Clerk,43377.0,9826605110
245,98,Ravi,Kumar,Clerk,88379.3,9381698076
246,64,Sunil,Verma,Officer,94914.65,9382845279
247,1,Rajesh,Gupta,Manager,77408.92,9147275724
248,89,Pooja,Gupta,Manager,84421.84,9833892951
249,87,Pooja,Singh,Manager,32866.79,9576966122
250,19,Neha,Singh,Officer,97517.75,9966325318
251,10,Vikram,Kumar,Loan Officer,53765.27,9453345940
252,9,Vikram,Jain,Branch Head,98575.43,9362661078
253,49,Neha,Kumar,Officer,40534.87,9452393694
254,74,Neha,Patel,Officer,92583.42,9756899405
255,2,Vikram,Jain,Clerk,74235.45,9237673806
256,67,Anita,Sharma,Assistant Manager,73485.45,9281071597
257,73,Sunil,Patel,Manager,57656.79,9418600482
258,78,Anita,Mehta,Manager,94594.4,9388956586
259,84,Sonal,Verma,Assistant Manager,57521.57,9819664416
260,47,Sunil,Patel,Clerk,86357.91,9358726783
261,70,Vikram,Choudhary,Cashier,43641.96,9449411886
262,65,Amit,Sharma,Assistant Manager,45514.15,9939794510
263,78,Anita,Singh,Officer,73904.74,9941737756
264,59,Vikram,Gupta,Assistant Manager,54772.72,9189291656
265,56,Pooja,Gupta,Clerk,78696.56,9707057749
266,98,Amit,Sharma,Loan Officer,52824.43,9149017820
267,25,Pooja,Reddy,Cashier,37024.19,9664900805
268,47,Neha,Singh,Clerk,22713.62,9495267536
269,68,Neha,Mehta,Loan Officer,99175.6,9753056096
270,64,Neha,Sharma,Loan Officer,61213.63,9718432831
271,4,Pooja,Patel,Officer,53477.12,9124003870
272,52,Rajesh,Choudhary,Clerk,50781.03,9125664154
273,12,Sonal,Mehta,Clerk,61613.6,9480551122
274,51,Ravi,Verma,Assistant Manager,83663.52,9265754353
275,96,Amit,Mehta,Loan Officer,58596.26,9697982203
276,82,Rajesh,Gupta,Clerk,22262.23,9594986228
277,21,Anita,Mehta,Officer,64494.4,9654695826
278,23,Sunil,Reddy,Clerk,66795.17,9174661502
279,48,Anita,Sharma,Loan Officer,57284.4,9383008251
280,50,Priya,Singh,Loan Officer,97428.79,9807909128
281,83,Rajesh,Mehta,Cashier,86699.15,9188607481
282,56,Pooja,Choudhary,Officer,45248.58,9153860705
283,77,Amit,Choudhary,Manager,52387.04,9552397843
284,2,Ravi,Gupta,Loan Officer,63393.93,9526554539
285,22,Rajesh,Mehta,Assistant Manager,70334.53,9233638289
286,27,Ravi,Jain,Cashier,41161.15,9463644967
287,26,Priya,Choudhary,Clerk,71008.39,9298037142
288,29,Pooja,Reddy,Officer,34743.52,9140591558
289,25,Rajesh,Choudhary,Officer,95611.07,9230415912
290,10,Neha,Gupta,Clerk,22592.57,9631931973
291,76,Ravi,Reddy,Branch Head,54460.03,9895465906
292,12,Rajesh,Patel,Clerk,86844.7,9133767631
293,79,Rajesh,Kumar,Manager,96318.09,9999019657
294,35,Sonal,Patel,Cashier,34562.09,9889436840
295,79,Sonal,Choudhary,Assistant Manager,38743.03,9730860101
296,11,Rajesh,Sharma,Clerk,44171.85,9711240703
297,51,Amit,Patel,Branch Head,81675.84,9190436627
298,89,Sonal,Sharma,Manager,46842.42,9261328686
299,27,Vikram,Verma,Branch Head,94296.55,9776851336
300,68,Neha,Mehta,Clerk,75918.87,9372324134
301,44,Neha,Singh,Loan Officer,83759.28,9656983743
302,31,Sonal,Jain,Manager,97826.29,9953811631
303,85,Vikram,Singh,Cashier,98035.09,9296136581
304,69,Rajesh,Choudhary,Branch Head,55249.04,9602802999
305,47,Anita,Jain,Assistant Manager,27288.04,9671508736
306,17,Vikram,Reddy,Clerk,38531.83,9697111634
307,63,Vikram,Gupta,Officer,81492.42,9457463027
308,12,Rajesh,Verma,Clerk,97229.27,9643669185
309,4,Neha,Sharma,Branch Head,57384.55,9329134604
310,60,Vikram,Jain,Branch Head,63304.4,9465356197
311,87,Rajesh,Jain,Cashier,97841.0,9190734877
312,14,Sunil,Choudhary,Cashier,22314.57,9860351818
313,72,Ravi,Jain,Officer,60084.12,9656824754
314,36,Rajesh,Gupta,Clerk,59989.15,9705901510
315,15,Pooja,Choudhary,Loan Officer,98101.89,9588536268
316,88,Vikram,Singh,Officer,68093.43,9820022801
317,11,Priya,Reddy,Assistant Manager,81053.66,9394714509
318,53,Sunil,Choudhary,Loan Officer,58637.07,9472640637
319,20,Anita,Singh,Cashier,77237.71,9705445125
320,94,Sunil,Verma,Officer,36318.22,9570162326
321,21,Sunil,Patel,Assistant Manager,28286.74,9975754154
322,27,Neha,Kumar,Branch Head,51880.48,9751708732
323,62,Priya,Gupta,Manager,48671.58,9607154637
324,32,Amit,Gupta,Clerk,99471.65,9145031282
325,83,Anita,Choudhary,Assistant Manager,74624.28,9538843731
326,27,Priya,Verma,Assistant Manager,88627.54,9905366549
327,67,Sonal,Sharma,Clerk,64154.66,9551340570
328,67,Sonal,Jain,Cashier,97717.54,9764772106
329,87,Priya,Verma,Manager,34694.71,9123448787
330,72,Anita,Patel,Loan Officer,88604.69,9719424362
331,97,Sunil,Kumar,Officer,80598.33,9717477283
332,80,Sunil,Sharma,Loan Officer,48163.95,9780800023
333,98,Vikram,Reddy,Clerk,34082.8,9412458039
334,17,Anita,Jain,Loan Officer,83482.0,9733096102
335,51,Ravi,Jain,Assistant Manager,69930.11,9715691074
336,74,Vikram,Kumar,Branch Head,94497.34,9282756493
337,33,Vikram,Choudhary,Assistant Manager,55347.03,9583210373
338,99,Amit,Reddy,Branch Head,37742.5,9304544285
339,100,Vikram,Gupta,Assistant Manager,77283.01,9380245469
340,70,Ravi,Reddy,Officer,83245.05,9877666960
341,35,Anita,Verma,Manager,53775.92,9742277593
342,92,Sonal,Choudhary,Officer,79925.17,9784439879
343,89,Pooja,Jain,Manager,45872.24,9320978399
344,18,Amit,Singh,Manager,27329.48,9450669146
345,68,Neha,Jain,Clerk,42769.51,9782701935
346,36,Rajesh,Kumar,Loan Officer,47194.73,9632676321
347,60,Rajesh,Singh,Branch Head,70205.46,9742685713
348,72,Sunil,Sharma,Officer,58086.46,9284031604
349,5,Sonal,Kumar,Cashier,55984.0,9404781207
350,65,Sonal,Kumar,Assistant Manager,50279.64,9571711476
351,9,Amit,Verma,Loan Officer,53636.75,9104714746
352,79,Priya,Choudhary,Assistant Manager,40554.16,9422571618
353,21,Ravi,Singh,Loan Officer,51235.77,9585212574
354,8,Rajesh,Singh,Branch Head,29260.75,9506069837
355,5,Priya,Verma,Loan Officer,26526.46,9925161669
356,19,Amit,Choudhary,Clerk,83711.83,9600673800
357,51,Vikram,Reddy,Officer,70340.9,9649856762
358,20,Ravi,Kumar,Manager,44539.66,9654069672
359,3,Rajesh,Singh,Assistant Manager,67975.24,9409421101
360,67,Ravi,Jain,Manager,90659.31,9830237426
361,78,Neha,Verma,Clerk,92080.22,9584210169
362,63,Sunil,Gupta,Branch Head,51340.73,9146824771
363,98,Neha,Jain,Manager,60906.56,9695823709
364,21,Rajesh,Sharma,Officer,20096.86,9314011193
365,49,Sonal,Mehta,Branch Head,67045.98,9502882820
366,70,Pooja,Choudhary,Loan Officer,94974.34,9294100907
367,72,Sonal,Sharma,Cashier,25840.05,9857287934
368,90,Pooja,Kumar,Manager,32511.96,9301904587
369,97,Amit,Mehta,Assistant Manager,86849.44,9796552418
370,76,Vikram,Singh,Manager,40654.96,9636244358
371,95,Ravi,Reddy,Manager,93033.94,9816618621
372,32,Vikram,Sharma,Assistant Manager,22239.18,9647748327
373,46,Neha,Gupta,Manager,88518.37,9494723154
374,72,Amit,Kumar,Branch Head,48852.62,9362051495
375,28,Sunil,Verma,Manager,72478.32,9434485021
376,99,Vikram,Singh,Loan Officer,26872.6,9863757430
377,60,Priya,Choudhary,Assistant Manager,60495.0,9181909135
378,79,Pooja,Gupta,Assistant Manager,25887.39,9940915245
379,1,Rajesh,Gupta,Assistant Manager,68850.72,9971267333
380,7,Priya,Singh,Clerk,64992.72,9826358651
381,14,Rajesh,Jain,Branch Head,73143.41,9595133990
382,29,Pooja,Sharma,Loan Officer,45997.54,9954892085
383,40,Rajesh,Sharma,Clerk,93910.45,9521618954
384,6,Vikram,Patel,Clerk,96426.08,9313209470
385,21,Ravi,Jain,Assistant Manager,25965.33,9809885061
386,16,Sonal,Sharma,Branch Head,68830.49,9742616357
387,26,Priya,Kumar,Branch Head,55858.66,9402756550
388,61,Priya,Sharma,Loan Officer,80463.0,9141534048
389,36,Sonal,Kumar,Branch Head,62901.11,9769709351
390,26,Sonal,Verma,Manager,76305.3,9396576318
391,42,Anita,Mehta,Clerk,89193.82,9364995853
392,78,Rajesh,Gupta,Assistant Manager,76367.46,9736324380
393,43,Vikram,Singh,Assistant Manager,70134.18,9160873964
394,33,Vikram,Gupta,Loan Officer,55713.52,9145755522
395,28,Rajesh,Sharma,Clerk,47823.41,9303933230
396,60,Sunil,Singh,Assistant Manager,39976.68,9245431900
397,7,Ravi,Gupta,Assistant Manager,79801.61,9567535609
398,19,Neha,Reddy,Clerk,35554.54,9773177477
399,90,Ravi,Gupta,Officer,73851.45,9896030321
400,29,Pooja,Jain,Officer,24115.36,9445143368
401,48,Rajesh,Singh,Loan Officer,35144.98,9496383182
402,43,Anita,Sharma,Assistant Manager,21533.61,9675315659
403,15,Sunil,Choudhary,Cashier,64518.93,9543068120
404,37,Sunil,Kumar,Manager,22567.06,9787387122
405,56,Anita,Verma,Assistant Manager,92876.8,9898275580
406,65,Neha,Singh,Officer,59335.73,9467648205
407,90,Vikram,Kumar,Branch Head,30930.57,9983052587
408,85,Amit,Choudhary,Cashier,43290.24,9485018891
409,100,Anita,Reddy,Clerk,56789.95,9952113560
410,85,Rajesh,Sharma,Assistant Manager,82701.61,9190090014
411,88,Sunil,Verma,Clerk,59463.64,9504309665
412,42,Sonal,Jain,Clerk,99187.61,9794501294
413,16,Priya,Mehta,Assistant Manager,33496.28,9783640827
414,45,Anita,Jain,Manager,40095.71,9353229465
415,31,Priya,Kumar,Clerk,91327.0,9149831321
416,45,Ravi,Choudhary,Assistant Manager,83148.45,9394711462
417,40,Sonal,Mehta,Cashier,63867.0,9418914166
418,44,Pooja,Verma,Assistant Manager,24285.85,9734821937
419,37,Neha,Verma,Loan Officer,50407.24,9980018053
420,22,Ravi,Patel,Branch Head,64112.87,9838591033
421,62,Priya,Patel,Cashier,33264.79,9236266762
422,5,Ravi,Reddy,Clerk,24338.02,9844014441
423,4,Neha,Sharma,Branch Head,98127.63,9977772386
424,7,Vikram,Sharma,Branch Head,40739.85,9670704383
425,42,Sunil,Choudhary,Loan Officer,43949.53,9516878703
426,42,Pooja,Gupta,Officer,91886.93,9573973772
427,28,Rajesh,Singh,Officer,97656.62,9130744455
428,47,Ravi,Gupta,Officer,38662.14,9789096843
429,6,Anita,Sharma,Manager,50910.24,9687444917
430,19,Vikram,Choudhary,Manager,91567.86,9831676013
431,64,Sunil,Gupta,Loan Officer,38024.25,9922514596
432,18,Sunil,Mehta,Clerk,41237.01,9994980307
433,69,Sonal,Kumar,Cashier,92115.77,9891976832
434,23,Vikram,Kumar,Loan Officer,55585.65,9526848985
435,71,Ravi,Gupta,Branch Head,35921.19,9175984826
436,55,Pooja,Verma,Branch Head,81848.86,9380108845
437,99,Rajesh,Reddy,Cashier,70740.04,9195730647
438,74,Sunil,Sharma,Clerk,89306.96,9383740731
439,44,Amit,Jain,Clerk,63823.28,9784590801
440,37,Sunil,Singh,Manager,62629.45,9237359024
441,78,Sunil,Mehta,Clerk,47527.5,9156737083
442,91,Vikram,Singh,Assistant Manager,32829.66,9849030871
443,66,Pooja,Jain,Manager,39903.3,9557865671
444,53,Sonal,Verma,Clerk,41181.11,9209557122
445,63,Pooja,Mehta,Manager,87216.64,9532349029
446,50,Rajesh,Verma,Clerk,75014.51,9615033074
447,4,Neha,Jain,Manager,99219.04,9138278974
448,45,Anita,Reddy,Assistant Manager,59315.39,9133267786
449,79,Pooja,Kumar,Branch Head,82315.68,9928369149
450,54,Anita,Singh,Assistant Manager,57724.85,9276971422
451,19,Amit,Gupta,Branch Head,42294.99,9577053886
452,74,Neha,Jain,Cashier,66062.95,9583181469
453,73,Vikram,Jain,Clerk,22782.98,9880377794
454,71,Amit,Choudhary,Cashier,68738.23,9734141144
455,5,Priya,Verma,Officer,77420.48,9115817082
456,22,Sonal,Reddy,Officer,89694.1,9393248494
457,8,Ravi,Sharma,Manager,63756.31,9509470163
458,21,Sonal,Gupta,Branch Head,59040.8,9973319358
459,75,Sonal,Gupta,Branch Head,24275.9,9399889149
460,88,Sunil,Sharma,Assistant Manager,31292.74,9131818741
461,54,Vikram,Jain,Branch Head,68069.64,9737498441
462,28,Rajesh,Kumar,Assistant Manager,64758.66,9471912850
463,64,Sunil,Gupta,Manager,86461.37,9162672993
464,83,Vikram,Jain,Officer,67300.03,9891439795
465,6,Rajesh,Patel,Cashier,97208.53,9364477097
466,27,Vikram,Singh,Assistant Manager,91300.93,9765303896
467,66,Rajesh,Reddy,Manager,33496.17,9358545530
468,90,Sonal,Singh,Assistant Manager,54039.46,9443072484
469,6,Ravi,Verma,Assistant Manager,60700.73,9167309127
470,65,Pooja,Gupta,Loan Officer,49380.65,9162323428
471,87,Amit,Gupta,Cashier,31516.48,9913455136
472,82,Priya,Jain,Manager,98168.75,9193621464
473,68,Sunil,Reddy,Cashier,93300.08,9712280047
474,56,Anita,Verma,Assistant Manager,20763.03,9405822498
475,37,Neha,Reddy,Clerk,80517.37,9778231004
476,87,Anita,Choudhary,Loan Officer,55145.5,9677010566
477,82,Sunil,Singh,Manager,27960.35,9287552491
478,81,Neha,Jain,Clerk,83196.05,9520866084
479,82,Vikram,Verma,Clerk,53147.93,9671389960
480,26,Priya,Sharma,Officer,56788.26,9909649796
481,91,Sonal,Choudhary,Cashier,85681.79,9536230725
482,47,Sunil,Patel,Clerk,93536.54,9259482007
483,82,Priya,Jain,Assistant Manager,90913.71,9727693973
484,13,Neha,Kumar,Cashier,68162.54,9170952053
485,44,Amit,Kumar,Manager,82980.51,9380346510
486,57,Sunil,Reddy,Cashier,67418.55,9801886713
487,22,Priya,Sharma,Branch Head,43377.51,9752752523
488,88,Priya,Choudhary,Loan Officer,26643.26,9313703606
489,27,Amit,Mehta,Clerk,44214.95,9305785617
490,24,Neha,Singh,Officer,99742.28,9737300428
491,14,Rajesh,Gupta,Manager,99118.89,9221899673
492,81,Priya,Gupta,Manager,92486.14,9122211191
493,4,Neha,Mehta,Loan Officer,52290.83,9795945144
494,56,Ravi,Kumar,Officer,37212.34,9489950093
495,73,Sonal,Verma,Officer,39440.19,9889140540
496,3,Amit,Kumar,Officer,90880.86,9543849924
497,16,Sunil,Patel,Branch Head,71075.01,9538139558
498,88,Pooja,Verma,Manager,89149.34,9531107601
499,56,Anita,Sharma,Officer,82117.05,9253771533
500,38,Pooja,Mehta,Officer,52516.65,9524200341
501,33,Sonal,Verma,Loan Officer,72853.63,9663752493
502,27,Priya,Sharma,Manager,24779.01,9605104100
503,17,Ravi,Choudhary,Branch Head,91934.8,9145350181
504,57,Pooja,Gupta,Manager,42139.29,9997206738
505,35,Vikram,Jain,Assistant Manager,62919.43,9979823386
506,15,Sunil,Singh,Manager,35440.41,9716318473
507,4,Priya,Patel,Loan Officer,79209.0,9820257135
508,46,Priya,Sharma,Branch Head,49766.65,9629972967
509,73,Pooja,Kumar,Loan Officer,95230.38,9654040545
510,58,Neha,Patel,Cashier,59805.32,9344715511
511,97,Priya,Sharma,Branch Head,68714.77,9465079935
512,72,Ravi,Choudhary,Clerk,28802.98,9155402158
513,71,Vikram,Singh,Officer,39470.62,9304215084
514,91,Rajesh,Kumar,Cashier,89383.37,9520665463
515,20,Vikram,Choudhary,Branch Head,89713.48,9247056057
516,35,Priya,Verma,Cashier,94484.65,9677776287
517,26,Sunil,Kumar,Clerk,40271.38,9722527275
518,20,Sonal,Patel,Clerk,33205.24,9900045809
519,56,Amit,Mehta,Cashier,83648.83,9647315436
520,7,Neha,Reddy,Loan Officer,70266.57,9345003873
521,73,Vikram,Choudhary,Officer,23065.43,9466906518
522,89,Vikram,Verma,Assistant Manager,39180.33,9587191421
523,65,Vikram,Kumar,Loan Officer,38831.7,9465169135
524,53,Vikram,Patel,Cashier,60270.96,9989926778
525,87,Amit,Patel,Branch Head,62658.87,9587177471
526,93,Sunil,Jain,Cashier,62484.9,9449285947
527,82,Pooja,Sharma,Branch Head,88953.83,9176400346
528,14,Priya,Reddy,Officer,23060.01,9558002849
529,29,Ravi,Sharma,Officer,70000.77,9717811570
530,19,Ravi,Kumar,Cashier,24922.23,9272030762
531,41,Amit,Gupta,Assistant Manager,20284.59,9305885662
532,63,Anita,Jain,Manager,28512.13,9393917244
533,73,Vikram,Gupta,Manager,29333.9,9474015736
534,77,Amit,Gupta,Branch Head,44972.51,9268791597
535,10,Rajesh,Gupta,Clerk,53222.07,9177888947
536,12,Amit,Verma,Officer,83921.35,9788924471
537,51,Amit,Sharma,Branch Head,80369.49,9175973451
538,66,Anita,Reddy,Manager,82693.16,9485777591
539,66,Priya,Mehta,Clerk,44890.03,9559618409
540,92,Priya,Verma,Officer,72904.29,9693289729
541,34,Vikram,Singh,Officer,93442.46,9835998675
542,87,Ravi,Choudhary,Assistant Manager,75724.92,9174372779
543,7,Rajesh,Mehta,Loan Officer,76419.15,9908581766
544,31,Rajesh,Verma,Loan Officer,50003.37,9962450501
545,5,Neha,Reddy,Branch Head,59018.22,9435941338
546,36,Rajesh,Sharma,Manager,29653.29,9402542853
547,49,Neha,Choudhary,Officer,59181.46,9259546378
548,58,Neha,Reddy,Branch Head,34332.01,9404188197
549,19,Sunil,Choudhary,Clerk,99100.62,9451350305
550,91,Rajesh,Verma,Manager,55419.14,9457762613
551,27,Ravi,Jain,Officer,21455.44,9823056343
552,25,Anita,Gupta,Manager,67138.29,9187956770
553,67,Amit,Verma,Manager,79100.38,9511954328
554,76,Pooja,Sharma,Branch Head,95517.61,9876314919
555,69,Sunil,Kumar,Branch Head,78723.9,9570814394
556,28,Amit,Singh,Loan Officer,90670.04,9749774940
557,48,Priya,Jain,Officer,34169.58,9697802522
558,45,Vikram,Jain,Clerk,56933.85,9359259361
559,17,Priya,Jain,Branch Head,65900.15,9192723874
560,53,Pooja,Choudhary,Assistant Manager,43262.54,9729735659
561,70,Pooja,Kumar,Clerk,56025.99,9328780384
562,34,Amit,Sharma,Officer,85836.73,9517133534
563,35,Priya,Reddy,Manager,79028.67,9379246706
564,82,Sunil,Patel,Loan Officer,72993.17,9121054499
565,34,Pooja,Jain,Cashier,61846.18,9807516077
566,80,Ravi,Choudhary,Clerk,98870.88,9790111819
567,70,Vikram,Singh,Officer,49731.88,9101301638
568,3,Amit,Mehta,Clerk,43068.18,9186041038
569,66,Sonal,Singh,Clerk,40895.26,9807087921
570,61,Pooja,Verma,Assistant Manager,28427.14,9286289112
571,56,Amit,Choudhary,Branch Head,94819.88,9825944109
572,40,Priya,Kumar,Loan Officer,93566.0,9601820686
573,14,Pooja,Gupta,Clerk,95359.0,9248276765
574,49,Rajesh,Sharma,Cashier,48431.9,9419482645
575,43,Sunil,Reddy,Branch Head,66519.14,9402193004
576,65,Ravi,Reddy,Branch Head,74005.33,9387388564
577,42,Vikram,Sharma,Clerk,55034.33,9994236320
578,97,Pooja,Gupta,Loan Officer,74861.16,9386770663
579,3,Ravi,Choudhary,Assistant Manager,75637.01,9403040990
580,33,Pooja,Singh,Loan Officer,52652.0,9811985654
581,89,Neha,Patel,Officer,96868.45,9453177169
582,76,Anita,Jain,Cashier,69061.08,9824203330
583,95,Vikram,Mehta,Branch Head,37783.86,9870026297
584,86,Pooja,Verma,Officer,33469.21,9712895417
585,46,Anita,Jain,Officer,95501.21,9870814215
586,4,Vikram,Gupta,Manager,57817.34,9711373756
587,97,Vikram,Choudhary,Branch Head,35505.78,9963299917
588,80,Amit,Gupta,Cashier,38244.66,9462941506
589,93,Pooja,Kumar,Assistant Manager,85586.72,9802236185
590,22,Pooja,Patel,Assistant Manager,37083.18,9246626195
591,5,Rajesh,Kumar,Loan Officer,43248.46,9946109865
592,94,Priya,Mehta,Loan Officer,48594.19,9581973171
593,30,Sunil,Mehta,Loan Officer,67920.14,9581699553
594,79,Priya,Kumar,Clerk,75608.78,9434866240
595,58,Neha,Verma,Branch Head,56019.3,9107382888
596,31,Neha,Gupta,Clerk,20657.83,9768435078
597,53,Neha,Mehta,Officer,34264.82,9502524042
598,34,Priya,Sharma,Clerk,30063.96,9885038409
599,72,Neha,Jain,Clerk,48298.83,9807913643
600,69,Neha,Sharma,Branch Head,61386.71,9599256961
601,37,Vikram,Mehta,Manager,64027.07,9562925096
602,75,Ravi,Patel,Assistant Manager,58274.09,9588205071
603,98,Neha,Sharma,Loan Officer,59095.53,9270760882
604,86,Pooja,Singh,Manager,42014.11,9833626133
605,21,Rajesh,Singh,Manager,22469.25,9923559460
606,45,Sonal,Choudhary,Manager,35893.77,9712930497
607,88,Amit,Sharma,Clerk,52545.62,9376818540
608,68,Sunil,Gupta,Manager,45168.21,9732077584
609,94,Amit,Mehta,Clerk,54666.22,9762992537
610,41,Rajesh,Patel,Assistant Manager,84019.49,9920071921
611,71,Sonal,Singh,Assistant Manager,56964.99,9285570929
612,1,Amit,Reddy,Loan Officer,87980.48,9261388439
613,82,Sonal,Sharma,Cashier,82331.67,9728568466
614,82,Sonal,Mehta,Clerk,93667.3,9674751932
615,69,Anita,Patel,Officer,65073.56,9447580319
616,12,Ravi,Jain,Branch Head,85905.31,9596843849
617,97,Pooja,Jain,Cashier,79340.1,9238817580
618,68,Sonal,Jain,Loan Officer,20744.27,9333631880
619,14,Sonal,Patel,Loan Officer,82786.09,9707853241
620,66,Priya,Patel,Officer,30584.9,9211000770
621,6,Neha,Singh,Branch Head,38236.92,9986528118
622,19,Neha,Singh,Manager,60437.2,9462849781
623,88,Pooja,Jain,Clerk,23749.89,9319637004
624,37,Sunil,Jain,Officer,60317.94,9325982661
625,40,Ravi,Sharma,Branch Head,29201.47,9672423633
626,31,Rajesh,Patel,Clerk,44511.77,9434136854
627,57,Neha,Gupta,Manager,40261.27,9177371708
628,78,Vikram,Jain,Loan Officer,40450.09,9406265089
629,80,Neha,Jain,Loan Officer,47232.11,9874393273
630,29,Rajesh,Reddy,Cashier,53432.64,9472759065
631,48,Vikram,Mehta,Officer,34067.61,9894224888
632,4,Amit,Patel,Clerk,47228.23,9642611567
633,25,Sunil,Reddy,Officer,67849.29,9649581093
634,68,Pooja,Reddy,Manager,79351.59,9596927600
635,46,Priya,Mehta,Loan Officer,64550.88,9195899227
636,38,Priya,Sharma,Loan Officer,98615.07,9878154166
637,70,Priya,Reddy,Loan Officer,22804.35,9836491355
638,25,Rajesh,Kumar,Loan Officer,30466.34,9185364646
639,53,Sonal,Kumar,Manager,36271.29,9885872868
640,28,Neha,Gupta,Manager,34257.29,9815498883
641,64,Rajesh,Mehta,Assistant Manager,93382.93,9803616269
642,58,Neha,Jain,Clerk,45444.41,9202006824
643,42,Rajesh,Choudhary,Loan Officer,84354.69,9422308593
644,32,Rajesh,Patel,Assistant Manager,52715.6,9522854044
645,10,Anita,Choudhary,Officer,22468.32,9683634489
646,93,Sonal,Reddy,Officer,94116.36,9324734113
647,18,Rajesh,Jain,Cashier,85831.19,9310313877
648,70,Ravi,Reddy,Assistant Manager,81210.31,9515215124
649,69,Rajesh,Sharma,Clerk,57338.18,9909541235
650,59,Vikram,Kumar,Assistant Manager,64765.94,9614118258
651,43,Anita,Gupta,Clerk,77424.68,9466448970
652,58,Sonal,Choudhary,Assistant Manager,83113.9,9397201050
653,34,Vikram,Mehta,Manager,92325.6,9370772296
654,58,Ravi,Singh,Clerk,75924.76,9184023299
655,26,Rajesh,Jain,Branch Head,58506.96,9756893296
656,87,Anita,Kumar,Cashier,81950.01,9408118729
657,35,Pooja,Singh,Clerk,47158.07,9167958480
658,51,Priya,Gupta,Officer,41066.83,9470151860
659,10,Rajesh,Choudhary,Loan Officer,96277.46,9879567785
660,97,Vikram,Choudhary,Officer,48349.26,9464014667
661,1,Pooja,Choudhary,Manager,41913.28,9834613528
662,80,Sunil,Jain,Branch Head,37868.22,9851802931
663,98,Vikram,Verma,Branch Head,77444.24,9141709654
664,10,Ravi,Singh,Cashier,95265.7,9667460842
665,18,Neha,Mehta,Clerk,41657.68,9142387199
666,95,Rajesh,Reddy,Manager,43094.57,9240114874
667,43,Rajesh,Jain,Assistant Manager,50559.18,9500767247
668,39,Pooja,Jain,Assistant Manager,69694.22,9479469239
669,25,Ravi,Sharma,Manager,36183.39,9526599798
670,55,Pooja,Jain,Officer,36532.6,9891687471
671,25,Priya,Verma,Officer,42356.48,9585312048
672,63,Priya,Singh,Cashier,55591.4,9725770326
673,37,Priya,Reddy,Cashier,72117.6,9574323974
674,33,Priya,Reddy,Officer,56383.7,9820640589
675,15,Neha,Jain,Clerk,87619.12,9650206371
676,71,Amit,Patel,Loan Officer,34991.05,9589158584
677,68,Sunil,Choudhary,Officer,97239.78,9151265341
678,2,Sonal,Sharma,Assistant Manager,79587.96,9618758433
679,79,Anita,Gupta,Loan Officer,42589.4,9584754907
680,31,Ravi,Patel,Clerk,70809.46,9261001444
681,8,Neha,Gupta,Clerk,55967.19,9273519296
682,40,Vikram,Verma,Clerk,25874.24,9518431862
683,80,Pooja,Jain,Officer,40961.77,9965484532
684,66,Ravi,Kumar,Loan Officer,39184.61,9708149052
685,21,Pooja,Kumar,Manager,85593.96,9267690919
686,31,Neha,Jain,Loan Officer,52582.97,9972295791
687,96,Ravi,Mehta,Branch Head,30145.69,9463564889
688,65,Vikram,Jain,Officer,37788.93,9325922072
689,45,Sunil,Reddy,Cashier,26760.63,9576863303
690,38,Rajesh,Singh,Assistant Manager,55385.74,9278996976
691,3,Sunil,Verma,Officer,35099.83,9963084365
692,43,Amit,Jain,Clerk,67777.34,9876915283
693,89,Priya,Sharma,Branch Head,68131.31,9768469326
694,17,Sunil,Reddy,Cashier,76940.04,9802491124
695,89,Amit,Patel,Manager,63997.62,9616669542
696,15,Pooja,Mehta,Loan Officer,54173.91,9564419216
697,49,Sonal,Kumar,Cashier,30452.69,9117254036
698,95,Amit,Choudhary,Clerk,87574.1,9363470986
699,47,Ravi,Singh,Assistant Manager,42438.3,9167123241
700,34,Vikram,Singh,Clerk,59708.76,9873711127
701,71,Sonal,Sharma,Clerk,21443.93,9187036536
702,94,Neha,Singh,Officer,57804.7,9968230880
703,68,Sonal,Verma,Branch Head,84163.49,9575609911
704,9,Sunil,Reddy,Cashier,39313.63,9918860540
705,70,Anita,Kumar,Clerk,21363.41,9675124143
706,61,Pooja,Verma,Cashier,72460.42,9537112239
707,7,Neha,Choudhary,Manager,89838.49,9460132467
708,38,Sonal,Reddy,Cashier,99486.74,9764689876
709,94,Anita,Kumar,Manager,95469.3,9443156103
710,58,Amit,Mehta,Assistant Manager,54953.78,9714987365
711,55,Ravi,Patel,Clerk,43026.44,9505633772
712,14,Amit,Singh,Loan Officer,65153.42,9248921434
713,88,Neha,Choudhary,Cashier,75032.12,9523167580
714,15,Sonal,Singh,Officer,22328.96,9295659651
715,75,Rajesh,Singh,Loan Officer,62917.22,9579274972
716,80,Sonal,Jain,Clerk,51951.81,9639550211
717,5,Sunil,Sharma,Branch Head,28105.38,9102637684
718,74,Anita,Choudhary,Manager,33911.39,9227392233
719,59,Priya,Kumar,Assistant Manager,73256.5,9144049155
720,83,Rajesh,Mehta,Branch Head,76564.67,9228835791
721,78,Sunil,Patel,Officer,28978.38,9299017989
722,90,Sunil,Mehta,Officer,84622.92,9506811881
723,5,Priya,Kumar,Clerk,79347.6,9426691991
724,74,Sunil,Jain,Cashier,54196.61,9903971168
725,96,Anita,Singh,Officer,65928.72,9437127684
726,34,Vikram,Gupta,Assistant Manager,68857.33,9966270205
727,65,Vikram,Choudhary,Clerk,50381.43,9958150698
728,32,Anita,Kumar,Assistant Manager,79924.91,9325902043
729,28,Pooja,Choudhary,Branch Head,34203.28,9424061015
730,88,Priya,Choudhary,Clerk,98184.32,9691968917
731,81,Rajesh,Reddy,Cashier,78715.67,9463647737
732,17,Sonal,Choudhary,Assistant Manager,28022.47,9214689895
733,85,Sunil,Jain,Assistant Manager,78516.01,9432837641
734,86,Sunil,Patel,Branch Head,40073.1,9530380277
735,3,Sunil,Choudhary,Clerk,45455.89,9665737893
736,99,Vikram,Choudhary,Assistant Manager,98502.8,9319454922
737,94,Vikram,Verma,Branch Head,80937.6,9394387268
738,74,Sunil,Patel,Assistant Manager,86239.54,9613068097
739,7,Priya,Choudhary,Cashier,59516.57,9303140854
740,63,Pooja,Choudhary,Manager,62012.08,9558846195
741,99,Ravi,Reddy,Loan Officer,82079.54,9366048704
742,44,Pooja,Mehta,Clerk,95912.88,9946986766
743,37,Anita,Jain,Clerk,43072.96,9860495365
744,8,Pooja,Jain,Clerk,51603.37,9155828102
745,12,Amit,Mehta,Officer,36939.59,9617870112
746,89,Sunil,Verma,Manager,48465.26,9341763756
747,15,Sonal,Sharma,Officer,80827.73,9752637873
748,92,Amit,Verma,Manager,38561.77,9163276167
749,52,Vikram,Jain,Loan Officer,86407.05,9506169549
750,36,Ravi,Verma,Manager,24499.61,9689304621
751,37,Ravi,Patel,Assistant Manager,61631.55,9706430404
752,98,Sonal,Reddy,Manager,80249.06,9550485967
753,57,Pooja,Reddy,Manager,97470.02,9534916738
754,6,Rajesh,Singh,Officer,98383.83,9128537202
755,95,Anita,Choudhary,Loan Officer,79998.48,9922801580
756,50,Pooja,Reddy,Cashier,37285.03,9569153533
757,25,Amit,Kumar,Loan Officer,65538.23,9415715711
758,88,Sonal,Verma,Clerk,24181.88,9342357758
759,79,Rajesh,Sharma,Clerk,41642.47,9839313909
760,26,Neha,Jain,Assistant Manager,45372.38,9833643007
761,71,Pooja,Sharma,Officer,79850.84,9530342472
762,72,Vikram,Sharma,Cashier,20056.35,9911646927
763,19,Rajesh,Jain,Clerk,90102.64,9736218228
764,12,Rajesh,Mehta,Cashier,57675.72,9134480710
765,87,Anita,Kumar,Manager,44636.56,9923334104
766,75,Priya,Singh,Branch Head,65480.54,9361328742
767,21,Ravi,Reddy,Assistant Manager,94374.14,9703470731
768,15,Neha,Jain,Assistant Manager,82911.43,9999600703
769,79,Sonal,Singh,Cashier,72967.4,9929069632
770,10,Pooja,Gupta,Manager,96706.12,9278425884
771,90,Sonal,Jain,Clerk,83907.59,9518845054
772,91,Sonal,Jain,Officer,89505.91,9223878880
773,13,Pooja,Mehta,Branch Head,77062.49,9735250333
774,50,Priya,Verma,Cashier,87594.85,9362874933
775,30,Anita,Reddy,Manager,78106.66,9175997158
776,37,Neha,Gupta,Cashier,81801.76,9606275112
777,18,Sonal,Verma,Loan Officer,35983.15,9722460822
778,86,Ravi,Kumar,Officer,91580.61,9550914963
779,21,Vikram,Mehta,Branch Head,84530.67,9224526742
780,53,Sonal,Patel,Officer,93330.68,9521921216
781,17,Priya,Reddy,Branch Head,51874.82,9283084019
782,7,Anita,Gupta,Officer,81669.19,9660717038
783,1,Anita,Verma,Clerk,87467.2,9989737697
784,1,Amit,Choudhary,Loan Officer,51952.27,9602959930
785,42,Neha,Mehta,Loan Officer,22662.28,9156994753
786,61,Sunil,Reddy,Clerk,34378.82,9466972852
787,13,Pooja,Gupta,Cashier,55005.65,9786964484
788,21,Vikram,Patel,Branch Head,68441.62,9791352113
789,100,Anita,Jain,Officer,24371.4,9877961403
790,4,Vikram,Patel,Loan Officer,54765.24,9762061765
791,75,Vikram,Gupta,Officer,98834.45,9730730718
792,93,Anita,Kumar,Officer,50199.25,9938506458
793,35,Rajesh,Mehta,Branch Head,99289.28,9608458337
794,73,Ravi,Verma,Loan Officer,31855.06,9569212155
795,56,Anita,Singh,Branch Head,57250.2,9385556616
796,35,Ravi,Singh,Officer,69523.11,9212776349
797,5,Neha,Jain,Clerk,41529.14,9367124640
798,12,Vikram,Sharma,Officer,20335.58,9851299680
799,11,Ravi,Gupta,Officer,45182.55,9553327135
800,73,Vikram,Sharma,Manager,78719.56,9487325758
801,9,Vikram,Sharma,Manager,36796.47,9298081335
802,10,Rajesh,Choudhary,Cashier,50888.86,9113153709
803,100,Rajesh,Gupta,Manager,30341.45,9646983066
804,71,Anita,Kumar,Officer,34638.11,9578982059
805,54,Amit,Singh,Clerk,70257.03,9235927944
806,38,Sunil,Verma,Manager,32267.27,9161764436
807,99,Neha,Patel,Assistant Manager,47957.16,9685206231
808,33,Sunil,Patel,Officer,48879.38,9178828223
809,50,Pooja,Gupta,Manager,71375.54,9633698140
810,14,Anita,Mehta,Assistant Manager,90250.95,9663039052
811,50,Amit,Mehta,Branch Head,53351.44,9129453858
812,67,Anita,Mehta,Loan Officer,40742.92,9209270022
813,10,Anita,Verma,Branch Head,38013.42,9457055884
814,14,Anita,Singh,Cashier,56922.63,9213996768
815,41,Sunil,Singh,Branch Head,60053.15,9985513655
816,39,Sunil,Kumar,Clerk,42317.96,9584359105
817,9,Pooja,Gupta,Cashier,53798.48,9592896500
818,6,Sonal,Patel,Officer,75937.53,9143911425
819,17,Rajesh,Singh,Assistant Manager,86395.29,9350993645
820,56,Amit,Jain,Assistant Manager,40397.23,9617022047
821,88,Neha,Kumar,Cashier,26986.93,9613874149
822,71,Ravi,Verma,Manager,31332.9,9432030563
823,74,Neha,Singh,Loan Officer,95214.7,9689877865
824,20,Pooja,Mehta,Officer,53284.54,9363079301
825,21,Sunil,Gupta,Manager,88599.63,9207702230
826,8,Vikram,Choudhary,Branch Head,26068.93,9715962458
827,7,Vikram,Singh,Assistant Manager,29859.38,9371326147
828,70,Sunil,Kumar,Officer,66820.0,9714577179
829,34,Anita,Mehta,Clerk,92684.51,9898066592
830,27,Vikram,Gupta,Cashier,27404.05,9256534045
831,63,Sunil,Kumar,Manager,73299.44,9545205164
832,33,Priya,Mehta,Assistant Manager,38709.92,9520553421
833,62,Neha,Gupta,Manager,66764.64,9824369235
834,60,Priya,Verma,Assistant Manager,91513.77,9988007663
835,71,Pooja,Verma,Cashier,74161.68,9552948213
836,35,Anita,Sharma,Officer,40587.29,9596823017
837,20,Priya,Reddy,Manager,78087.36,9698552480
838,1,Sunil,Mehta,Loan Officer,71544.1,9181410341
839,95,Anita,Reddy,Branch Head,81784.91,9733551619
840,93,Sonal,Verma,Loan Officer,68068.02,9895342141
841,48,Sunil,Kumar,Manager,50421.49,9356420326
842,32,Anita,Kumar,Branch Head,64729.94,9801661852
843,24,Vikram,Choudhary,Cashier,89877.36,9339849412
844,15,Sonal,Gupta,Manager,63173.81,9656509550
845,57,Pooja,Kumar,Officer,86787.37,9384183945
846,62,Priya,Singh,Cashier,89753.64,9430775920
847,2,Ravi,Singh,Loan Officer,22878.66,9666557987
848,58,Sunil,Choudhary,Clerk,50616.95,9916364181
849,93,Amit,Patel,Assistant Manager,35350.67,9470651666
850,83,Anita,Choudhary,Officer,48579.39,9424913809
851,12,Pooja,Kumar,Assistant Manager,26143.6,9632984479
852,56,Amit,Sharma,Loan Officer,44631.96,9224143061
853,40,Vikram,Singh,Assistant Manager,47260.49,9175051259
854,96,Pooja,Reddy,Cashier,72018.76,9586265900
855,53,Sonal,Mehta,Loan Officer,75818.01,9942432379
856,9,Sunil,Patel,Manager,99718.82,9210693288
857,97,Sonal,Patel,Clerk,43414.03,9853781128
858,10,Neha,Jain,Branch Head,21355.44,9157858673
859,100,Sunil,Reddy,Branch Head,39705.31,9878816018
860,32,Sonal,Jain,Assistant Manager,62203.81,9250768751
861,94,Priya,Gupta,Manager,25364.32,9127865891
862,83,Sunil,Sharma,Branch Head,84248.63,9591168621
863,97,Priya,Reddy,Manager,27128.05,9359858552
864,48,Sonal,Verma,Loan Officer,84969.16,9900975867
865,16,Sonal,Singh,Cashier,95924.3,9508655298
866,77,Amit,Gupta,Manager,43922.31,9730564735
867,41,Sunil,Jain,Branch Head,36573.18,9710236600
868,70,Priya,Mehta,Assistant Manager,34511.72,9966417929
869,34,Sonal,Singh,Officer,38302.52,9823604963
870,25,Pooja,Singh,Loan Officer,85256.14,9402329168
871,38,Ravi,Singh,Manager,49805.48,9546315623
872,7,Vikram,Mehta,Assistant Manager,40501.23,9476160040
873,58,Ravi,Reddy,Branch Head,47179.28,9677733783
874,22,Sonal,Choudhary,Assistant Manager,66557.14,9909522709
875,95,Sunil,Mehta,Branch Head,38267.8,9776837460
876,16,Anita,Gupta,Manager,35724.37,9352903667
877,46,Vikram,Verma,Cashier,90963.3,9502058030
878,58,Sunil,Mehta,Cashier,46146.73,9308241347
879,7,Ravi,Jain,Manager,83121.29,9759203089
880,2,Vikram,Verma,Clerk,50782.74,9609092418
881,41,Ravi,Kumar,Manager,45281.73,9987423706
882,39,Amit,Jain,Assistant Manager,20678.08,9519795802
883,14,Sunil,Mehta,Loan Officer,40830.85,9928366425
884,5,Amit,Patel,Branch Head,27188.69,9688130492
885,78,Ravi,Choudhary,Clerk,72012.41,9724068521
886,92,Ravi,Singh,Officer,20038.55,9461002433
887,99,Sunil,Verma,Manager,37443.84,9881423189
888,98,Neha,Mehta,Clerk,99552.72,9488592104
889,70,Amit,Choudhary,Assistant Manager,62034.05,9519102373
890,28,Priya,Reddy,Assistant Manager,31193.11,9818208881
891,41,Sunil,Jain,Branch Head,43233.08,9940712445
892,8,Rajesh,Gupta,Cashier,54352.23,9594800855
893,86,Ravi,Reddy,Branch Head,45739.95,9340106434
894,11,Rajesh,Singh,Branch Head,81022.19,9272479824
895,41,Neha,Singh,Assistant Manager,80188.37,9262536925
896,73,Priya,Patel,Assistant Manager,41546.73,9633742245
897,20,Rajesh,Jain,Officer,30250.4,9165140814
898,69,Rajesh,Choudhary,Assistant Manager,52816.69,9740246113
899,48,Ravi,Choudhary,Manager,55835.95,9852727515
900,98,Sonal,Gupta,Manager,90634.02,9109976037
901,83,Priya,Reddy,Officer,94100.82,9655641855
902,4,Sunil,Reddy,Officer,87840.54,9564411659
903,23,Anita,Gupta,Officer,28871.24,9606589578
904,87,Sunil,Patel,Manager,36626.36,9981502944
905,36,Amit,Gupta,Branch Head,83943.66,9687168129
906,48,Sonal,Gupta,Loan Officer,66268.94,9409312534
907,62,Neha,Mehta,Branch Head,83024.68,9715495264
908,82,Amit,Reddy,Clerk,68253.45,9462585347
909,55,Vikram,Singh,Officer,49143.95,9728494251
910,51,Rajesh,Reddy,Assistant Manager,25371.56,9291126436
911,86,Pooja,Gupta,Assistant Manager,62500.11,9556556127
912,57,Ravi,Jain,Cashier,54423.66,9648532239
913,44,Rajesh,Sharma,Clerk,44053.9,9168529056
914,1,Anita,Jain,Officer,31474.35,9405053985
915,62,Sunil,Singh,Branch Head,99391.27,9341952171
916,84,Sunil,Reddy,Officer,77410.24,9535050952
917,24,Vikram,Kumar,Clerk,52631.64,9566996217
918,61,Rajesh,Choudhary,Manager,76539.28,9315322651
919,38,Anita,Patel,Cashier,42072.63,9922609135
920,63,Rajesh,Reddy,Cashier,33924.08,9620234886
921,17,Sunil,Singh,Branch Head,71551.21,9298270053
922,95,Rajesh,Reddy,Clerk,85418.76,9493320530
923,18,Anita,Mehta,Assistant Manager,37748.05,9732342166
924,34,Priya,Choudhary,Assistant Manager,27968.87,9760472196
925,88,Anita,Choudhary,Clerk,53755.76,9825630682
926,62,Amit,Verma,Officer,57710.15,9573383579
927,10,Vikram,Kumar,Loan Officer,87943.12,9637452495
928,77,Pooja,Sharma,Manager,68026.39,9524958262
929,100,Amit,Gupta,Loan Officer,97288.71,9299355339
930,28,Neha,Gupta,Cashier,66946.84,9195299783
931,97,Ravi,Gupta,Officer,99078.18,9216234172
932,37,Neha,Jain,Assistant Manager,23971.71,9346848416
933,74,Sunil,Choudhary,Loan Officer,60240.7,9654563666
934,60,Vikram,Jain,Cashier,78632.29,9118424965
935,72,Amit,Reddy,Clerk,86988.76,9683425898
936,1,Vikram,Mehta,Branch Head,42929.13,9754551676
937,71,Priya,Mehta,Loan Officer,20592.01,9261640431
938,55,Sonal,Kumar,Officer,41100.27,9593074747
939,94,Vikram,Sharma,Loan Officer,98536.82,9640705127
940,33,Pooja,Sharma,Assistant Manager,30173.96,9834322430
941,98,Rajesh,Gupta,Manager,78016.21,9331659374
942,66,Anita,Verma,Officer,64652.79,9425333717
943,17,Rajesh,Choudhary,Officer,58034.55,9834662710
944,35,Sunil,Jain,Clerk,80572.97,9650035615
945,28,Priya,Singh,Officer,84504.69,9802286755
946,40,Sunil,Jain,Loan Officer,76475.93,9972204337
947,97,Ravi,Kumar,Loan Officer,83721.63,9864938440
948,28,Amit,Gupta,Manager,98310.79,9889826375
949,87,Amit,Sharma,Branch Head,34224.3,9707720490
950,40,Anita,Gupta,Loan Officer,42027.77,9302553102
951,34,Anita,Gupta,Cashier,32321.71,9451444755
952,68,Anita,Singh,Branch Head,71369.22,9945854127
953,92,Priya,Mehta,Clerk,89716.39,9237491273
954,56,Rajesh,Reddy,Manager,85967.8,9331087836
955,20,Neha,Verma,Clerk,78367.14,9401912389
956,95,Anita,Reddy,Cashier,81563.91,9928139219
957,13,Vikram,Singh,Clerk,62139.43,9999925384
958,81,Pooja,Mehta,Loan Officer,22124.76,9884626957
959,82,Sonal,Verma,Clerk,82131.29,9859376866
960,78,Amit,Mehta,Clerk,26290.56,9187727614
961,14,Amit,Verma,Clerk,66461.14,9866740964
962,27,Neha,Gupta,Cashier,65615.27,9736110078
963,21,Vikram,Reddy,Officer,59020.88,9879432923
964,72,Sonal,Mehta,Manager,22283.68,9974269625
965,62,Pooja,Patel,Officer,59909.15,9283205487
966,36,Sunil,Choudhary,Assistant Manager,93161.22,9626228563
967,37,Neha,Sharma,Officer,28930.24,9941324275
968,91,Sonal,Singh,Branch Head,72116.44,9319300096
969,77,Ravi,Reddy,Assistant Manager,25882.5,9365839597
970,39,Priya,Patel,Clerk,99174.42,9670037884
971,77,Rajesh,Verma,Loan Officer,71710.15,9347384635
972,38,Amit,Kumar,Branch Head,49831.65,9111352034
973,44,Pooja,Singh,Branch Head,32322.82,9552424492
974,43,Sunil,Singh,Assistant Manager,42011.88,9294842399
975,89,Ravi,Singh,Officer,33985.2,9980936006
976,59,Anita,Patel,Manager,89541.04,9208807209
977,88,Ravi,Sharma,Clerk,42340.92,9856393569
978,58,Anita,Sharma,Branch Head,28501.16,9623512314
979,50,Vikram,Patel,Branch Head,70194.32,9531578600
980,100,Anita,Mehta,Branch Head,82320.42,9157339766
981,6,Neha,Patel,Officer,21974.6,9248918334
982,66,Rajesh,Patel,Manager,75867.91,9408997303
983,82,Neha,Verma,Assistant Manager,56858.97,9604996716
984,27,Ravi,Gupta,Officer,22178.77,9228680856
985,69,Vikram,Kumar,Manager,29883.17,9939933823
986,26,Sonal,Sharma,Officer,70954.22,9673267621
987,82,Rajesh,Kumar,Officer,84803.84,9886465028
988,4,Sonal,Singh,Manager,78356.19,9686978984
989,4,Neha,Kumar,Branch Head,86792.95,9604677343
990,21,Sonal,Sharma,Loan Officer,31703.56,9785225288
991,6,Rajesh,Choudhary,Assistant Manager,27325.5,9324312302
992,50,Sunil,Choudhary,Assistant Manager,65434.24,9935201412
993,35,Amit,Verma,Loan Officer,66103.26,9329384299
994,53,Anita,Reddy,Manager,99700.02,9176925338
995,50,Vikram,Mehta,Assistant Manager,25343.66,9606888083
996,26,Vikram,Reddy,Branch Head,70775.05,9795974688
997,94,Priya,Jain,Loan Officer,65070.67,9826039156
998,46,Sonal,Verma,Manager,70214.43,9116489001
999,27,Rajesh,Kumar,Branch Head,26614.89,9723012047
1000,96,Sunil,Patel,Cashier,26761.82,9370051287
1001,97,Anita,Choudhary,Branch Head,63904.45,9483049428
1002,48,Amit,Mehta,Branch Head,37080.33,9656867675
1003,49,Sunil,Patel,Assistant Manager,58908.45,9375762722
1004,95,Ravi,Kumar,Assistant Manager,72164.96,9349075976
1005,68,Pooja,Patel,Assistant Manager,92675.97,9281952990
1006,33,Vikram,Choudhary,Loan Officer,50818.28,9299733844
1007,91,Rajesh,Reddy,Assistant Manager,46801.27,9849048968
1008,46,Vikram,Singh,Officer,51078.86,9319678826
1009,9,Ravi,Jain,Branch Head,51538.98,9417752953
1010,93,Vikram,Verma,Cashier,49904.29,9647458751
1011,67,Vikram,Mehta,Manager,34176.17,9922439036
1012,25,Pooja,Choudhary,Cashier,27040.06,9685307600
1013,97,Neha,Verma,Officer,92072.4,9534664833
1014,94,Rajesh,Mehta,Assistant Manager,69886.02,9274250408
1015,24,Sonal,Gupta,Assistant Manager,78493.41,9487062216
1016,58,Ravi,Gupta,Assistant Manager,71222.41,9552811357
1017,56,Rajesh,Mehta,Loan Officer,26693.8,9845539374
1018,15,Vikram,Reddy,Manager,52472.26,9751063865
1019,7,Rajesh,Kumar,Manager,57492.91,9229795458
1020,41,Amit,Sharma,Assistant Manager,34832.88,9484869665
1021,74,Sonal,Reddy,Cashier,97496.28,9491801486
1022,45,Pooja,Reddy,Officer,71098.66,9931937692
1023,49,Rajesh,Gupta,Loan Officer,96828.9,9290032158
1024,97,Sunil,Verma,Manager,82083.73,9604857768
1025,25,Priya,Kumar,Officer,43127.9,9215053051
1026,83,Neha,Kumar,Assistant Manager,98041.01,9964028560
1027,45,Sunil,Mehta,Clerk,74385.44,9414804200
1028,11,Sunil,Jain,Branch Head,36182.37,9620634969
1029,98,Ravi,Sharma,Loan Officer,39579.63,9828578590
1030,69,Rajesh,Patel,Loan Officer,53119.27,9764027801
1031,6,Neha,Kumar,Branch Head,79236.55,9763234516
1032,16,Vikram,Mehta,Loan Officer,65238.86,9834517862
1033,11,Vikram,Singh,Loan Officer,98984.76,9444068423
1034,33,Rajesh,Verma,Loan Officer,36849.57,9705132495
1035,20,Amit,Reddy,Manager,34026.5,9574189069
1036,24,Sunil,Kumar,Loan Officer,23193.54,9317093220
1037,81,Anita,Sharma,Loan Officer,97172.89,9620744965
1038,74,Neha,Kumar,Cashier,98776.23,9250733017
1039,72,Sonal,Kumar,Loan Officer,32306.87,9807078635
1040,70,Sonal,Jain,Loan Officer,77960.66,9704225969
1041,81,Priya,Verma,Clerk,29875.22,9797597435
1042,54,Neha,Choudhary,Cashier,41141.67,9363328097
1043,95,Neha,Patel,Clerk,41522.9,9178374404
1044,59,Sunil,Kumar,Branch Head,90730.28,9908705853
1045,22,Neha,Mehta,Officer,76040.46,9688883289
1046,97,Amit,Jain,Clerk,40337.96,9741797894
1047,50,Priya,Sharma,Assistant Manager,41802.49,9679306030
1048,66,Priya,Kumar,Loan Officer,38391.22,9334868759
1049,73,Amit,Reddy,Officer,89922.44,9897327483
1050,34,Vikram,Mehta,Branch Head,44362.52,9821689851
1051,24,Priya,Mehta,Officer,30543.13,9224888969
1052,79,Pooja,Gupta,Cashier,98831.37,9785545590
1053,99,Vikram,Reddy,Assistant Manager,57582.51,9619322501
1054,10,Sunil,Kumar,Officer,71880.68,9987177506
1055,92,Ravi,Mehta,Assistant Manager,30180.92,9165021454
1056,7,Ravi,Singh,Assistant Manager,97347.56,9285709206
1057,74,Anita,Patel,Clerk,92709.09,9449467964
1058,49,Sonal,Reddy,Cashier,76785.33,9429227728
1059,59,Neha,Mehta,Cashier,40222.93,9250926432
1060,99,Pooja,Verma,Branch Head,22950.39,9202291938
1061,49,Ravi,Patel,Branch Head,65387.71,9694987247
1062,18,Ravi,Patel,Officer,27871.09,9327875547
1063,14,Sunil,Patel,Assistant Manager,45663.51,9771870075
1064,13,Priya,Gupta,Manager,25617.84,9552540902
1065,42,Neha,Kumar,Branch Head,63031.35,9797693718
1066,7,Priya,Gupta,Loan Officer,31371.62,9682574533
1067,80,Priya,Mehta,Officer,38328.24,9619748117
1068,39,Rajesh,Patel,Loan Officer,83511.58,9959255726
1069,30,Pooja,Singh,Cashier,98289.64,9556781459
1070,60,Sunil,Verma,Cashier,90298.33,9377415941
1071,96,Sunil,Singh,Cashier,64534.76,9753775057
1072,79,Neha,Gupta,Clerk,49972.47,9421861278
1073,42,Sunil,Jain,Branch Head,94277.48,9110633239
1074,72,Vikram,Mehta,Branch Head,23862.83,9885998184
1075,85,Neha,Mehta,Loan Officer,80970.93,9940727092
1076,55,Rajesh,Verma,Manager,40104.74,9446603405
1077,94,Priya,Gupta,Manager,93952.5,9580917320
1078,1,Ravi,Jain,Manager,79948.94,9982982639
1079,83,Neha,Mehta,Manager,32827.51,9584151770
1080,21,Sunil,Verma,Clerk,48187.86,9776757530
1081,57,Anita,Verma,Branch Head,57790.58,9320818325
1082,41,Vikram,Kumar,Loan Officer,94031.22,9577345628
1083,7,Amit,Gupta,Clerk,33272.33,9414656551
1084,53,Sunil,Singh,Loan Officer,86021.84,9758077562
1085,51,Vikram,Mehta,Branch Head,41255.08,9280022852
1086,13,Sunil,Kumar,Officer,68600.56,9217371163
1087,91,Amit,Patel,Officer,68099.35,9210080280
1088,2,Priya,Verma,Loan Officer,48803.86,9296857745
1089,100,Sonal,Choudhary,Manager,38114.75,9724394456
1090,57,Ravi,Patel,Cashier,80148.94,9140690028
1091,62,Sunil,Reddy,Officer,73020.29,9707479493
1092,28,Amit,Choudhary,Branch Head,55420.96,9878429478
1093,62,Rajesh,Singh,Officer,76652.39,9378799944
1094,96,Pooja,Patel,Manager,41046.96,9388185633
1095,85,Neha,Kumar,Officer,64703.93,9893694486
1096,26,Priya,Mehta,Cashier,73305.86,9335826731
1097,9,Sonal,Patel,Cashier,32651.25,9887904023
1098,95,Amit,Singh,Assistant Manager,46300.18,9541148604
1099,65,Priya,Kumar,Clerk,89322.93,9640575197
1100,98,Ravi,Gupta,Cashier,86431.69,9533168810
1101,39,Vikram,Singh,Branch Head,35419.14,9243523397
1102,11,Sunil,Gupta,Branch Head,28053.78,9349168755
1103,12,Sunil,Reddy,Cashier,70957.37,9927123180
1104,64,Neha,Singh,Assistant Manager,97358.59,9904380862
1105,15,Neha,Choudhary,Officer,90963.19,9789129018
1106,38,Rajesh,Verma,Branch Head,84377.88,9424781067
1107,30,Amit,Jain,Branch Head,91778.77,9167387312
1108,82,Neha,Verma,Cashier,81725.62,9777446982
1109,23,Anita,Singh,Cashier,97190.8,9685594446
1110,81,Sonal,Mehta,Manager,39928.6,9277488178
1111,35,Priya,Sharma,Cashier,88518.75,9446936835
1112,5,Pooja,Singh,Branch Head,37495.09,9362075539
1113,14,Neha,Kumar,Officer,33911.06,9148233103
1114,82,Pooja,Sharma,Loan Officer,37762.15,9997961828
1115,46,Priya,Verma,Assistant Manager,74115.9,9896433739
1116,85,Sonal,Kumar,Manager,52518.2,9952321591
1117,62,Sonal,Jain,Loan Officer,83116.28,9895086202
1118,54,Neha,Sharma,Branch Head,58039.98,9343068975
1119,70,Sonal,Kumar,Officer,90921.59,9426587026
1120,67,Amit,Patel,Clerk,68240.37,9827470403
1121,46,Rajesh,Verma,Loan Officer,22781.22,9685098799
1122,45,Rajesh,Singh,Clerk,79074.72,9460350503
1123,81,Rajesh,Sharma,Manager,44248.72,9816719260
1124,57,Priya,Singh,Assistant Manager,98039.75,9186237022
1125,34,Vikram,Sharma,Assistant Manager,92124.53,9655481231
1126,84,Pooja,Sharma,Cashier,94155.28,9977720362
1127,30,Ravi,Singh,Clerk,27512.66,9195707849
1128,17,Priya,Patel,Clerk,70108.1,9942836288
1129,65,Anita,Choudhary,Cashier,84342.75,9439226431
1130,73,Sunil,Mehta,Assistant Manager,77180.47,9229332489
1131,51,Rajesh,Reddy,Cashier,50246.95,9229821021
1132,2,Sunil,Singh,Manager,39553.25,9712746288
1133,82,Anita,Verma,Cashier,23179.94,9701850799
1134,93,Amit,Jain,Cashier,35015.14,9426730505
1135,92,Neha,Gupta,Branch Head,25544.06,9739209142
1136,73,Rajesh,Verma,Manager,61734.6,9221887970
1137,42,Priya,Singh,Assistant Manager,52442.97,9925900043
1138,89,Vikram,Reddy,Manager,46244.16,9124390108
1139,39,Ravi,Mehta,Assistant Manager,21499.68,9125542680
1140,21,Neha,Reddy,Cashier,55996.07,9688804148
1141,89,Pooja,Reddy,Cashier,29805.63,9820075975
1142,81,Sunil,Jain,Branch Head,42701.37,9907572648
1143,25,Neha,Reddy,Officer,62834.16,9103934063
1144,11,Sunil,Jain,Manager,58888.5,9530991970
1145,99,Pooja,Verma,Officer,36613.0,9869060925
1146,96,Vikram,Verma,Loan Officer,80198.62,9653628932
1147,94,Neha,Patel,Assistant Manager,66217.09,9998325162
1148,56,Ravi,Jain,Branch Head,64593.31,9939042547
1149,68,Vikram,Jain,Officer,86651.28,9889459467
1150,64,Rajesh,Choudhary,Cashier,25844.36,9477133910
1151,4,Sonal,Kumar,Cashier,37730.62,9288507479
1152,28,Sunil,Singh,Assistant Manager,26874.39,9991299057
1153,7,Priya,Jain,Cashier,83070.81,9900736061
1154,49,Amit,Patel,Branch Head,20120.08,9112412867
1155,45,Anita,Patel,Cashier,95138.64,9829681437
1156,72,Vikram,Singh,Branch Head,66497.54,9545585564
1157,94,Pooja,Singh,Branch Head,33167.05,9191612368
1158,77,Neha,Singh,Clerk,45300.0,9482622716
1159,20,Rajesh,Kumar,Cashier,72796.24,9167375325
1160,86,Pooja,Patel,Assistant Manager,35106.26,9529444865
1161,80,Amit,Jain,Branch Head,44634.96,9901935947
1162,93,Vikram,Patel,Branch Head,53736.69,9361065174
1163,43,Priya,Patel,Officer,32224.87,9249340238
1164,24,Amit,Patel,Cashier,23954.63,9972481781
1165,30,Priya,Mehta,Branch Head,74931.16,9790387436
1166,69,Amit,Jain,Manager,52482.22,9920094623
1167,41,Pooja,Singh,Branch Head,99640.92,9546249437
1168,23,Anita,Reddy,Manager,21764.37,9186765946
1169,28,Anita,Jain,Manager,21282.58,9650784407
1170,64,Ravi,Patel,Loan Officer,35770.23,9153992120
1171,65,Vikram,Singh,Manager,47297.9,9373381812
1172,51,Amit,Sharma,Clerk,92379.8,9501740942
1173,1,Vikram,Gupta,Clerk,60854.06,9151402226
1174,26,Sonal,Choudhary,Clerk,36139.69,9844843636
1175,59,Priya,Sharma,Officer,30486.99,9805611841
1176,56,Pooja,Sharma,Assistant Manager,25797.92,9458843765
1177,1,Amit,Verma,Assistant Manager,23279.32,9327816877
1178,5,Sonal,Choudhary,Loan Officer,55911.75,9185739650
1179,27,Rajesh,Reddy,Manager,34126.86,9579007435
1180,46,Priya,Gupta,Manager,41215.97,9768154352
1181,90,Rajesh,Kumar,Manager,49815.34,9876224522
1182,50,Anita,Reddy,Cashier,71404.29,9977254061
1183,26,Priya,Mehta,Clerk,98025.52,9533372488
1184,77,Vikram,Verma,Cashier,20413.38,9231227571
1185,32,Sunil,Gupta,Branch Head,56991.95,9891735544
1186,31,Sonal,Verma,Manager,90084.67,9922489112
1187,89,Pooja,Jain,Manager,94190.38,9481373318
1188,99,Ravi,Kumar,Cashier,81420.09,9335898410
1189,69,Rajesh,Verma,Assistant Manager,23242.79,9536869709
1190,97,Anita,Mehta,Assistant Manager,48030.89,9284395869
1191,28,Ravi,Jain,Assistant Manager,62279.23,9164689713
1192,58,Rajesh,Mehta,Manager,42979.06,9855204250
1193,50,Amit,Sharma,Cashier,53764.66,9293581497
1194,89,Anita,Verma,Officer,52712.27,9307474461
1195,25,Priya,Choudhary,Loan Officer,95931.16,9228968148
1196,9,Sunil,Choudhary,Loan Officer,31987.44,9240739232
1197,16,Amit,Jain,Assistant Manager,45435.84,9244258266
1198,73,Ravi,Mehta,Officer,71368.56,9554720943
1199,31,Sonal,Jain,Officer,38392.31,9722870324
1200,55,Sonal,Kumar,Manager,20506.09,9189778440
1201,98,Priya,Choudhary,Clerk,49650.36,9673591245
1202,37,Anita,Patel,Clerk,28682.23,9256028653
1203,36,Sunil,Verma,Clerk,38060.58,9227245001
1204,20,Rajesh,Kumar,Assistant Manager,87595.18,9977414820
1205,48,Sunil,Jain,Clerk,88614.18,9139639917
1206,51,Sunil,Sharma,Branch Head,33919.28,9670605820
1207,53,Ravi,Choudhary,Officer,71545.57,9568370104
1208,35,Sonal,Patel,Manager,29252.67,9437369664
1209,3,Rajesh,Reddy,Branch Head,79760.52,9399510764
1210,96,Ravi,Kumar,Manager,79978.78,9685431385
1211,88,Priya,Jain,Assistant Manager,77912.53,9440729279
1212,24,Anita,Choudhary,Branch Head,78418.71,9874772553
1213,91,Vikram,Kumar,Clerk,37134.31,9747503216
1214,72,Anita,Verma,Assistant Manager,67734.31,9103235122
1215,38,Anita,Singh,Branch Head,43197.26,9302106385
1216,4,Amit,Reddy,Manager,58272.13,9502113566
1217,17,Sonal,Kumar,Branch Head,86180.06,9248838390
1218,52,Neha,Verma,Clerk,87284.8,9756782234
1219,58,Anita,Kumar,Cashier,88083.23,9592426091
1220,4,Neha,Choudhary,Manager,64043.16,9763972329
1221,95,Sonal,Reddy,Loan Officer,91292.82,9703564399
1222,25,Anita,Sharma,Officer,80732.63,9297453057
1223,16,Anita,Kumar,Manager,51286.94,9558745339
1224,95,Vikram,Verma,Manager,41843.78,9469584204
1225,100,Rajesh,Mehta,Loan Officer,23388.62,9482747701
1226,52,Sunil,Jain,Branch Head,36925.82,9377872479
1227,85,Pooja,Reddy,Clerk,91324.13,9917343286
1228,70,Pooja,Choudhary,Assistant Manager,53552.42,9425371939
1229,27,Pooja,Verma,Assistant Manager,26444.61,9266062803
1230,67,Sonal,Singh,Loan Officer,69222.59,9995715540
1231,23,Vikram,Mehta,Manager,36323.75,9624079748
1232,46,Priya,Reddy,Assistant Manager,89928.19,9692637548
1233,95,Sonal,Mehta,Clerk,60210.17,9824423035
1234,42,Anita,Patel,Loan Officer,61840.77,9549953778
1235,90,Sunil,Kumar,Assistant Manager,97519.13,9803188141
1236,89,Pooja,Mehta,Cashier,67485.78,9106854097
1237,32,Sunil,Gupta,Officer,62525.16,9287747021
1238,29,Amit,Reddy,Clerk,83772.51,9238453674
1239,97,Priya,Kumar,Cashier,40858.37,9637362221
1240,76,Sonal,Choudhary,Clerk,34413.12,9272465015
1241,74,Anita,Mehta,Cashier,29381.65,9225091052
1242,15,Rajesh,Gupta,Clerk,27451.64,9462670263
1243,97,Neha,Verma,Cashier,38847.74,9404637012
1244,41,Pooja,Verma,Officer,37646.58,9620336451
1245,39,Vikram,Kumar,Officer,36659.14,9350814276
1246,48,Anita,Kumar,Assistant Manager,82489.8,9664775283
1247,15,Anita,Gupta,Assistant Manager,37733.55,9747460656
1248,47,Vikram,Kumar,Clerk,91274.45,9985877368
1249,74,Sonal,Verma,Assistant Manager,86296.17,9213994289
1250,30,Neha,Jain,Loan Officer,21040.76,9159447217
1251,36,Priya,Choudhary,Loan Officer,49125.88,9856039418
1252,9,Sunil,Gupta,Cashier,25394.31,9181791839
1253,48,Anita,Sharma,Cashier,77420.28,9143131608
1254,6,Ravi,Kumar,Manager,68796.4,9606436596
1255,81,Vikram,Choudhary,Assistant Manager,96523.13,9237570303
1256,76,Pooja,Singh,Cashier,35144.12,9500167094
1257,73,Pooja,Choudhary,Assistant Manager,80504.91,9896745834
1258,24,Pooja,Choudhary,Assistant Manager,71552.42,9482335216
1259,48,Vikram,Jain,Cashier,85882.13,9717482533
1260,56,Vikram,Jain,Cashier,83131.64,9131043466
1261,27,Amit,Sharma,Loan Officer,46407.72,9279632104
1262,80,Ravi,Sharma,Cashier,43822.7,9371369729
1263,6,Neha,Jain,Cashier,76579.66,9142215673
1264,29,Amit,Choudhary,Loan Officer,30390.51,9134884785
1265,38,Sunil,Patel,Manager,77514.95,9819237927
1266,69,Amit,Singh,Cashier,61148.76,9838958889
1267,8,Sunil,Reddy,Assistant Manager,50881.29,9810693233
1268,72,Anita,Choudhary,Assistant Manager,21066.93,9188904818
1269,99,Amit,Gupta,Assistant Manager,35649.39,9898883580
1270,95,Amit,Sharma,Loan Officer,45221.4,9628159304
1271,28,Rajesh,Gupta,Loan Officer,74984.7,9580336677
1272,18,Amit,Kumar,Cashier,43609.36,9945145956
1273,72,Sonal,Sharma,Officer,95751.85,9202238594
1274,58,Amit,Verma,Clerk,85985.66,9806558795
1275,98,Amit,Sharma,Assistant Manager,94560.59,9179244877
1276,43,Pooja,Reddy,Cashier,34201.08,9452383776
1277,17,Vikram,Reddy,Clerk,85654.77,9637661918
1278,17,Priya,Verma,Manager,39586.23,9731160836
1279,10,Rajesh,Mehta,Assistant Manager,37205.34,9211937340
1280,55,Neha,Choudhary,Clerk,53329.05,9316494425
1281,34,Anita,Reddy,Clerk,52897.08,9220817499
1282,46,Neha,Kumar,Cashier,51162.85,9328718135
1283,63,Rajesh,Jain,Manager,33190.81,9168893420
1284,4,Vikram,Patel,Loan Officer,45265.42,9692285226
1285,100,Sonal,Choudhary,Branch Head,24044.01,9765991842
1286,8,Sonal,Choudhary,Clerk,34029.93,9871498440
1287,13,Pooja,Gupta,Clerk,31476.21,9277327091
1288,83,Vikram,Choudhary,Branch Head,57013.58,9894420390
1289,19,Pooja,Singh,Clerk,50304.19,9412483637
1290,8,Ravi,Jain,Branch Head,76217.47,9881061273
1291,4,Rajesh,Reddy,Branch Head,69744.21,9583974730
1292,95,Sunil,Verma,Assistant Manager,36262.4,9136577848
1293,38,Ravi,Singh,Branch Head,53699.17,9954517547
1294,12,Pooja,Reddy,Branch Head,65467.35,9722276967
1295,35,Sunil,Reddy,Assistant Manager,57494.02,9310192168
1296,100,Amit,Mehta,Assistant Manager,33257.23,9913494871
1297,15,Sunil,Patel,Cashier,97841.16,9111047817
1298,72,Sonal,Kumar,Cashier,83378.89,9674657257
1299,5,Pooja,Mehta,Clerk,98750.62,9577801929
1300,17,Ravi,Gupta,Clerk,83979.68,9717999007
1301,57,Pooja,Reddy,Cashier,38026.87,9323393493
1302,33,Sonal,Choudhary,Manager,93918.68,9901860821
1303,29,Pooja,Choudhary,Loan Officer,68363.62,9879311048
1304,58,Amit,Jain,Officer,75610.38,9483477487
1305,14,Priya,Kumar,Clerk,45450.17,9266035286
1306,89,Anita,Reddy,Assistant Manager,94455.89,9279261873
1307,97,Anita,Reddy,Loan Officer,64374.45,9613888566
1308,36,Amit,Gupta,Branch Head,26831.16,9157641652
1309,46,Sunil,Kumar,Assistant Manager,72454.9,9250757040
1310,1,Pooja,Verma,Assistant Manager,96528.77,9287822408
1311,23,Amit,Patel,Clerk,66039.13,9291560730
1312,70,Rajesh,Mehta,Loan Officer,98671.29,9247155174
1313,29,Sonal,Jain,Officer,91203.76,9192334093
1314,27,Neha,Patel,Officer,36507.28,9752886604
1315,45,Pooja,Choudhary,Cashier,49866.21,9787879760
1316,24,Priya,Choudhary,Clerk,76525.59,9557923035
1317,69,Priya,Gupta,Manager,28654.84,9165882849
1318,96,Sonal,Choudhary,Branch Head,32881.72,9183715782
1319,88,Ravi,Reddy,Officer,61915.58,9687479898
1320,51,Sonal,Gupta,Loan Officer,36297.9,9647308697
1321,10,Sonal,Singh,Officer,78838.6,9699076410
1322,25,Rajesh,Jain,Manager,37136.42,9268548879
1323,32,Neha,Choudhary,Officer,72410.38,9434174360
1324,36,Rajesh,Jain,Manager,32998.92,9129538462
1325,96,Ravi,Choudhary,Cashier,53003.95,9806417794
1326,62,Sunil,Reddy,Clerk,31638.94,9806940830
1327,60,Amit,Mehta,Clerk,66460.39,9265216624
1328,4,Sonal,Gupta,Cashier,29112.81,9641818544
1329,21,Vikram,Gupta,Manager,89515.61,9359627981
1330,88,Sonal,Gupta,Manager,33288.59,9712210122
1331,89,Rajesh,Verma,Branch Head,40271.31,9789476918
1332,65,Amit,Choudhary,Manager,33608.73,9587291662
1333,69,Vikram,Reddy,Clerk,62703.44,9461023437
1334,73,Anita,Verma,Manager,71973.71,9784192866
1335,81,Pooja,Verma,Assistant Manager,88586.96,9744913189
1336,21,Ravi,Mehta,Manager,52835.64,9425932311
1337,4,Sonal,Kumar,Officer,75970.84,9719558404
1338,41,Vikram,Sharma,Officer,62428.13,9178611812
1339,85,Sonal,Sharma,Branch Head,69815.76,9348241617
1340,61,Amit,Gupta,Loan Officer,93465.86,9161532054
1341,60,Rajesh,Choudhary,Branch Head,54040.28,9526379466
1342,1,Sunil,Jain,Branch Head,20031.92,9213161483
1343,92,Pooja,Singh,Loan Officer,96593.77,9557361454
1344,79,Ravi,Gupta,Clerk,49991.24,9284243110
1345,64,Sunil,Choudhary,Branch Head,76864.28,9139651921
1346,57,Neha,Jain,Loan Officer,37043.29,9437311735
1347,5,Sunil,Verma,Cashier,92624.15,9346668712
1348,78,Pooja,Patel,Assistant Manager,47539.53,9514494290
1349,73,Ravi,Choudhary,Assistant Manager,45473.38,9802301458
1350,39,Pooja,Choudhary,Manager,86918.64,9377000199
1351,2,Neha,Choudhary,Assistant Manager,77290.57,9366717023
1352,60,Sunil,Reddy,Branch Head,97189.39,9246027073
1353,95,Neha,Mehta,Manager,87015.21,9714561576
1354,24,Rajesh,Gupta,Clerk,94034.89,9331017453
1355,6,Priya,Mehta,Officer,36430.04,9999605495
1356,6,Anita,Verma,Cashier,31994.94,9989770343
1357,64,Rajesh,Sharma,Cashier,56248.84,9694041439
1358,84,Rajesh,Gupta,Branch Head,81621.45,9979019755
1359,78,Pooja,Singh,Branch Head,36030.21,9276283231
1360,20,Sunil,Verma,Officer,29031.52,9286598605
1361,12,Amit,Gupta,Cashier,48749.85,9474140252
1362,32,Anita,Kumar,Officer,45716.97,9965507159
1363,46,Anita,Reddy,Manager,58461.08,9400905976
1364,75,Ravi,Gupta,Cashier,64089.17,9791946521
1365,20,Vikram,Gupta,Assistant Manager,57691.0,9651970020
1366,24,Ravi,Jain,Manager,87567.05,9601045544
1367,98,Anita,Sharma,Loan Officer,34054.21,9106745570
1368,43,Anita,Sharma,Loan Officer,78000.38,9210533866
1369,14,Rajesh,Patel,Branch Head,58165.41,9683410200
1370,65,Priya,Gupta,Assistant Manager,49701.52,9934040920
1371,48,Vikram,Reddy,Assistant Manager,53519.56,9704277666
1372,94,Rajesh,Jain,Officer,52094.95,9505479087
1373,23,Sonal,Singh,Branch Head,53187.54,9342728958
1374,13,Amit,Patel,Manager,50080.78,9300342837
1375,1,Pooja,Jain,Assistant Manager,77666.55,9425481105
1376,72,Ravi,Verma,Branch Head,76625.8,9630517552
1377,73,Amit,Patel,Assistant Manager,64790.18,9231615337
1378,90,Pooja,Mehta,Loan Officer,22290.33,9999093772
1379,74,Ravi,Reddy,Cashier,43862.38,9448121629
1380,35,Neha,Sharma,Officer,21119.85,9136595704
1381,36,Pooja,Reddy,Officer,30177.55,9952982244
1382,90,Ravi,Singh,Officer,93810.53,9146635293
1383,20,Rajesh,Gupta,Manager,93101.37,9734840394
1384,63,Neha,Verma,Cashier,66398.19,9391697053
1385,15,Sunil,Verma,Branch Head,39486.68,9429794396
1386,14,Sonal,Jain,Clerk,75841.86,9456755228
1387,86,Anita,Choudhary,Manager,25058.05,9125844289
1388,62,Sonal,Verma,Manager,61116.37,9720617325
1389,93,Vikram,Choudhary,Clerk,69906.3,9743287504
1390,83,Sunil,Reddy,Officer,57698.57,9820988257
1391,32,Amit,Singh,Cashier,81466.63,9111512093
1392,4,Anita,Verma,Clerk,52538.47,9739169135
1393,18,Sunil,Choudhary,Officer,80479.5,9887536700
1394,20,Rajesh,Jain,Clerk,70588.86,9295575259
1395,11,Amit,Mehta,Manager,28959.92,9371576143
1396,78,Anita,Gupta,Clerk,70289.15,9348401157
1397,80,Vikram,Mehta,Assistant Manager,44924.72,9690374755
1398,60,Rajesh,Mehta,Manager,74379.39,9498028382
1399,15,Vikram,Sharma,Branch Head,40280.5,9557144111
1400,32,Vikram,Mehta,Cashier,63847.66,9800299280
1401,40,Pooja,Gupta,Branch Head,59797.41,9630296450
1402,42,Priya,Choudhary,Loan Officer,88233.99,9832842032
1403,63,Rajesh,Mehta,Officer,70622.18,9621286851
1404,78,Ravi,Verma,Clerk,97002.11,9703838658
1405,12,Anita,Patel,Officer,47253.21,9297377459
1406,14,Pooja,Sharma,Cashier,69087.58,9205158527
1407,69,Rajesh,Verma,Manager,43942.83,9333586545
1408,89,Sunil,Jain,Officer,42761.18,9926186096
1409,98,Pooja,Gupta,Manager,55559.04,9288702897
1410,30,Pooja,Kumar,Manager,64809.02,9677312170
1411,77,Vikram,Sharma,Officer,82216.79,9806064277
1412,69,Neha,Mehta,Branch Head,97691.98,9954536372
1413,94,Sonal,Mehta,Branch Head,31291.19,9245933226
1414,51,Anita,Gupta,Assistant Manager,66255.41,9848999734
1415,88,Priya,Jain,Clerk,47025.35,9238455750
1416,20,Pooja,Patel,Loan Officer,64975.97,9992165086
1417,34,Amit,Gupta,Loan Officer,38841.52,9679686926
1418,48,Rajesh,Mehta,Cashier,21601.01,9688459652
1419,33,Amit,Reddy,Officer,52092.28,9202275089
1420,77,Anita,Kumar,Officer,37989.83,9975856317
1421,23,Ravi,Patel,Loan Officer,66129.71,9762740229
1422,83,Pooja,Gupta,Officer,69252.72,9520035546
1423,47,Rajesh,Singh,Loan Officer,81203.71,9325409249
1424,6,Anita,Sharma,Assistant Manager,22500.12,9147495956
1425,71,Rajesh,Reddy,Assistant Manager,92541.53,9532745600
1426,61,Neha,Reddy,Clerk,32290.2,9783253427
1427,26,Pooja,Singh,Loan Officer,44754.9,9321594566
1428,98,Pooja,Choudhary,Cashier,41603.36,9643961688
1429,18,Anita,Jain,Loan Officer,38256.65,9948993881
1430,85,Sonal,Kumar,Cashier,72288.45,9503571802
1431,48,Sunil,Singh,Cashier,60794.79,9413395894
1432,10,Anita,Mehta,Assistant Manager,38878.07,9355287504
1433,95,Pooja,Mehta,Officer,40435.4,9545782742
1434,83,Pooja,Reddy,Cashier,87404.67,9565876540
1435,20,Amit,Mehta,Loan Officer,65022.47,9999415324
1436,92,Pooja,Singh,Clerk,51441.28,9938725051
1437,39,Vikram,Singh,Branch Head,90703.41,9419910597
1438,76,Sunil,Singh,Branch Head,51967.24,9291415600
1439,62,Anita,Sharma,Cashier,38416.51,9300993872
1440,31,Pooja,Singh,Cashier,74079.0,9965441608
1441,52,Sunil,Jain,Clerk,71907.94,9512356942
1442,20,Sonal,Singh,Assistant Manager,95371.62,9477967321
1443,63,Priya,Reddy,Assistant Manager,22006.58,9710962970
1444,81,Sonal,Jain,Branch Head,94865.66,9869256922
1445,14,Vikram,Kumar,Assistant Manager,40028.21,9917629323
1446,13,Sonal,Verma,Clerk,64398.13,9898188118
1447,95,Ravi,Kumar,Loan Officer,31625.29,9884993317
1448,63,Ravi,Kumar,Officer,31513.94,9820721037
1449,92,Neha,Choudhary,Manager,92520.54,9481687564
1450,5,Ravi,Singh,Loan Officer,90296.73,9657747942
1451,86,Amit,Singh,Manager,49538.83,9684775561
1452,99,Neha,Singh,Manager,73685.96,9559737162
1453,61,Ravi,Reddy,Officer,27922.11,9588058695
1454,59,Rajesh,Gupta,Officer,52720.57,9915639199
1455,64,Pooja,Sharma,Cashier,78365.35,9728526662
1456,98,Sunil,Sharma,Clerk,94916.76,9869129669
1457,14,Rajesh,Sharma,Cashier,99537.59,9307925380
1458,34,Vikram,Singh,Loan Officer,54114.45,9292826262
1459,22,Anita,Reddy,Assistant Manager,33089.47,9656707253
1460,65,Ravi,Reddy,Clerk,48486.64,9588869501
1461,98,Neha,Reddy,Officer,36999.1,9689146678
1462,98,Ravi,Sharma,Cashier,44584.85,9722214996
1463,4,Neha,Gupta,Clerk,69328.37,9437197771
1464,17,Vikram,Gupta,Assistant Manager,66493.08,9324442771
1465,68,Sunil,Mehta,Loan Officer,56172.63,9969423397
1466,52,Amit,Gupta,Officer,68380.07,9973800332
1467,17,Sonal,Jain,Loan Officer,34928.3,9577618902
1468,48,Rajesh,Reddy,Officer,32595.53,9762723697
1469,60,Priya,Mehta,Officer,55969.02,9605333085
1470,22,Priya,Sharma,Loan Officer,85044.38,9230515156
1471,70,Amit,Kumar,Loan Officer,59550.32,9360316426
1472,45,Rajesh,Gupta,Branch Head,53642.64,9491961922
1473,61,Sunil,Verma,Cashier,49012.68,9594260363
1474,2,Amit,Patel,Assistant Manager,50531.73,9457454252
1475,74,Priya,Jain,Clerk,29082.39,9523046954
1476,70,Amit,Jain,Officer,28120.8,9194604782
1477,15,Amit,Patel,Branch Head,49556.99,9311103317
1478,49,Sunil,Singh,Assistant Manager,69425.89,9558701643
1479,8,Neha,Sharma,Cashier,32904.92,9710167478
1480,13,Ravi,Singh,Cashier,42189.8,9747502088
1481,29,Vikram,Gupta,Manager,69641.29,9837434817
1482,96,Anita,Choudhary,Assistant Manager,93610.45,9822431823
1483,36,Neha,Patel,Clerk,60643.05,9105128794
1484,19,Ravi,Kumar,Officer,82044.9,9711136371
1485,56,Pooja,Sharma,Assistant Manager,41846.72,9542032649
1486,20,Rajesh,Singh,Officer,22754.2,9838030305
1487,36,Ravi,Jain,Branch Head,38649.0,9707405381
1488,11,Pooja,Verma,Assistant Manager,86633.25,9675909661
1489,49,Priya,Mehta,Assistant Manager,50920.68,9796598384
1490,29,Ravi,Reddy,Loan Officer,94077.78,9173463197
1491,51,Priya,Reddy,Manager,57833.81,9707238610
1492,50,Sonal,Patel,Manager,56911.31,9488920036
1493,88,Vikram,Jain,Manager,88853.82,9414669705
1494,16,Anita,Kumar,Manager,23345.16,9922021805
1495,15,Sonal,Verma,Branch Head,26201.29,9988221522
1496,82,Vikram,Kumar,Officer,90952.68,9876493900
1497,77,Sunil,Verma,Officer,77827.33,9484031421
1498,56,Anita,Kumar,Loan Officer,73755.03,9480473919
1499,20,Amit,Kumar,Clerk,51910.08,9298156726
1500,69,Priya,Patel,Cashier,34070.99,9373339008
1501,7,Sonal,Singh,Officer,52174.16,9576648314
1502,72,Sonal,Mehta,Clerk,50271.07,9218758909
1503,28,Priya,Verma,Branch Head,42631.57,9724581439
1504,46,Sunil,Kumar,Branch Head,24216.27,9479921341
1505,90,Vikram,Choudhary,Branch Head,96540.79,9504987906
1506,91,Anita,Reddy,Clerk,78679.99,9976681315
1507,68,Priya,Gupta,Manager,72806.49,9841011993
1508,64,Sonal,Sharma,Assistant Manager,51560.39,9163023921
1509,40,Ravi,Kumar,Officer,78431.5,9611044697
1510,9,Neha,Singh,Cashier,69179.16,9481075624
1511,35,Sunil,Jain,Branch Head,36683.69,9612874780
1512,47,Sunil,Jain,Assistant Manager,95426.8,9655626544
1513,47,Neha,Verma,Assistant Manager,25549.71,9863191745
1514,44,Pooja,Sharma,Loan Officer,55915.71,9113266317
1515,80,Priya,Kumar,Clerk,47281.12,9324027857
1516,23,Vikram,Gupta,Manager,79733.51,9325207332
1517,98,Sunil,Sharma,Assistant Manager,63791.73,9660139619
1518,84,Anita,Choudhary,Assistant Manager,52283.63,9267700774
1519,55,Neha,Mehta,Officer,47130.24,9207422221
1520,11,Pooja,Singh,Assistant Manager,97570.48,9212642369
1521,77,Anita,Reddy,Branch Head,46771.05,9800253099
1522,54,Vikram,Jain,Officer,77187.86,9874376997
1523,81,Neha,Patel,Branch Head,26652.06,9890923644
1524,42,Anita,Jain,Loan Officer,21350.47,9520294298
1525,84,Rajesh,Jain,Officer,46266.74,9724141865
1526,52,Anita,Gupta,Assistant Manager,43724.65,9503627975
1527,93,Anita,Mehta,Clerk,37843.69,9581952736
1528,87,Amit,Gupta,Clerk,61198.88,9729283946
1529,52,Rajesh,Singh,Assistant Manager,81474.59,9714807985
1530,84,Sonal,Verma,Branch Head,25555.53,9805430893
1531,25,Priya,Mehta,Clerk,72099.97,9586158673
1532,68,Anita,Patel,Clerk,65970.94,9498019364
1533,68,Anita,Choudhary,Assistant Manager,30442.44,9871466077
1534,15,Neha,Gupta,Branch Head,87003.94,9160546943
1535,91,Anita,Reddy,Loan Officer,59822.84,9533395211
1536,45,Amit,Sharma,Manager,37445.53,9456137407
1537,13,Sunil,Jain,Assistant Manager,68245.51,9199877901
1538,58,Neha,Mehta,Officer,44019.19,9269387335
1539,75,Amit,Verma,Officer,77200.32,9612203312
1540,92,Pooja,Mehta,Loan Officer,36439.27,9688373313
1541,41,Amit,Sharma,Branch Head,46373.11,9423050565
1542,66,Anita,Reddy,Officer,65527.96,9993280895
1543,97,Sunil,Singh,Branch Head,20973.01,9341086100
1544,84,Anita,Gupta,Loan Officer,69430.24,9672789552
1545,67,Ravi,Reddy,Loan Officer,90813.27,9173589311
1546,57,Sunil,Gupta,Assistant Manager,41813.22,9556209817
1547,11,Priya,Reddy,Officer,85270.87,9373618350
1548,92,Pooja,Singh,Loan Officer,51805.17,9616054185
1549,40,Sunil,Kumar,Cashier,65235.33,9187789833
1550,59,Priya,Mehta,Branch Head,21341.84,9689762337
1551,74,Sonal,Gupta,Assistant Manager,51963.78,9891511495
1552,11,Neha,Gupta,Cashier,72780.2,9205324400
1553,61,Amit,Patel,Loan Officer,41812.34,9150521800
1554,24,Priya,Singh,Cashier,68553.79,9144019492
1555,21,Pooja,Sharma,Officer,35980.55,9658183587
1556,26,Neha,Kumar,Manager,70120.99,9479730477
1557,49,Anita,Singh,Clerk,60466.59,9768459942
1558,99,Rajesh,Singh,Branch Head,95474.78,9852789556
1559,24,Rajesh,Jain,Assistant Manager,23780.54,9100506302
1560,10,Pooja,Mehta,Cashier,85073.82,9466954831
1561,74,Vikram,Gupta,Assistant Manager,39212.13,9466272141
1562,9,Neha,Gupta,Officer,76497.77,9551996431
1563,32,Sunil,Singh,Officer,96376.74,9842201633
1564,34,Amit,Gupta,Manager,87729.02,9164640462
1565,57,Sunil,Mehta,Branch Head,74443.46,9600069268
1566,16,Rajesh,Jain,Clerk,87286.97,9569742335
1567,30,Priya,Mehta,Officer,27576.74,9612120359
1568,91,Sunil,Jain,Loan Officer,74163.19,9122128004
1569,98,Sonal,Singh,Assistant Manager,63020.91,9825665408
1570,89,Sunil,Gupta,Cashier,56540.92,9119598747
1571,70,Anita,Verma,Cashier,53100.18,9386365039
1572,1,Amit,Gupta,Branch Head,91744.69,9939456349
1573,31,Sonal,Singh,Branch Head,69723.5,9624299119
1574,72,Sonal,Sharma,Loan Officer,94841.94,9253629154
1575,24,Vikram,Choudhary,Loan Officer,33368.62,9402787426
1576,10,Sunil,Verma,Assistant Manager,81949.8,9284139292
1577,1,Priya,Gupta,Manager,21899.83,9489985171
1578,25,Priya,Mehta,Clerk,22668.16,9542105113
1579,60,Sonal,Verma,Branch Head,75055.6,9264508699
1580,57,Priya,Mehta,Branch Head,47291.2,9870153606
1581,77,Vikram,Reddy,Manager,56694.14,9982743239
1582,39,Vikram,Singh,Manager,34014.42,9220390920
1583,53,Ravi,Kumar,Branch Head,23641.17,9285597230
1584,92,Ravi,Jain,Assistant Manager,67894.85,9601847938
1585,26,Sonal,Kumar,Cashier,28683.51,9789252407
1586,81,Anita,Jain,Assistant Manager,55117.87,9246975460
1587,91,Amit,Sharma,Assistant Manager,48682.49,9279666224
1588,38,Sunil,Singh,Officer,26056.81,9238878437
1589,65,Neha,Kumar,Branch Head,87036.26,9158687077
1590,47,Sonal,Verma,Cashier,54595.19,9153754988
1591,62,Anita,Sharma,Assistant Manager,75567.87,9456126431
1592,94,Ravi,Mehta,Officer,86170.73,9774990310
1593,26,Rajesh,Reddy,Loan Officer,87615.87,9302855368
1594,2,Neha,Patel,Manager,85281.53,9499274493
1595,11,Priya,Verma,Assistant Manager,76214.07,9869276026
1596,2,Amit,Sharma,Clerk,41267.52,9793722719
1597,32,Ravi,Verma,Loan Officer,29258.31,9922585936
1598,9,Sunil,Reddy,Assistant Manager,74197.37,9317500368
1599,88,Sunil,Verma,Clerk,30267.49,9864477313
1600,39,Vikram,Verma,Assistant Manager,98600.78,9117138786
1601,7,Rajesh,Mehta,Loan Officer,36452.69,9297592235
1602,52,Anita,Sharma,Assistant Manager,66187.61,9510977324
1603,80,Ravi,Jain,Officer,96025.47,9411981846
1604,20,Amit,Mehta,Branch Head,34970.32,9229460675
1605,30,Sonal,Verma,Branch Head,53800.36,9253381279
1606,88,Sonal,Reddy,Assistant Manager,23667.75,9356572010
1607,83,Sonal,Jain,Branch Head,97790.83,9738364447
1608,69,Priya,Patel,Clerk,36172.17,9659312484
1609,78,Rajesh,Sharma,Assistant Manager,82238.15,9885874379
1610,65,Sunil,Reddy,Officer,55498.01,9565232752
1611,49,Amit,Jain,Branch Head,31805.97,9805981491
1612,5,Vikram,Singh,Clerk,63098.71,9450752196
1613,93,Priya,Reddy,Manager,36165.12,9295184896
1614,55,Sonal,Mehta,Officer,88860.29,9117939702
1615,38,Sunil,Verma,Manager,41058.09,9585956122
1616,2,Vikram,Singh,Clerk,91779.01,9307279244
1617,39,Amit,Verma,Manager,83713.56,9307519530
1618,41,Anita,Patel,Loan Officer,87661.49,9372920935
1619,55,Neha,Reddy,Officer,43162.26,9217031920
1620,99,Rajesh,Kumar,Manager,99193.55,9183573342
1621,51,Amit,Mehta,Manager,80507.68,9668638536
1622,27,Priya,Verma,Loan Officer,34414.44,9883355813
1623,13,Sunil,Choudhary,Cashier,41115.88,9306732255
1624,7,Anita,Gupta,Assistant Manager,43402.01,9965225211
1625,86,Priya,Verma,Loan Officer,90613.5,9897866681
1626,57,Sonal,Sharma,Cashier,51107.87,9206393618
1627,5,Neha,Sharma,Loan Officer,61177.38,9470421251
1628,85,Amit,Kumar,Assistant Manager,97383.41,9170709737
1629,30,Vikram,Reddy,Cashier,80752.02,9424161704
1630,41,Pooja,Patel,Officer,96488.97,9546364734
1631,38,Pooja,Reddy,Loan Officer,61476.84,9441343995
1632,55,Pooja,Reddy,Cashier,24795.24,9645762585
1633,20,Sonal,Singh,Assistant Manager,23533.64,9907108387
1634,88,Neha,Verma,Officer,33412.91,9989503089
1635,50,Rajesh,Patel,Officer,84622.94,9534130012
1636,38,Priya,Reddy,Manager,77847.45,9970430949
1637,97,Ravi,Kumar,Clerk,56155.63,9836644224
1638,98,Amit,Gupta,Branch Head,89558.97,9524100211
1639,18,Vikram,Verma,Manager,79270.03,9390994619
1640,55,Pooja,Verma,Loan Officer,24391.55,9335825036
1641,68,Pooja,Patel,Clerk,57900.99,9290631568
1642,14,Ravi,Sharma,Officer,92061.98,9898826396
1643,38,Sunil,Kumar,Assistant Manager,79743.84,9146756486
1644,31,Rajesh,Gupta,Branch Head,96996.11,9458051789
1645,86,Anita,Sharma,Loan Officer,99001.31,9165355509
1646,90,Rajesh,Patel,Officer,90392.86,9426225447
1647,100,Pooja,Reddy,Loan Officer,95341.73,9337844492
1648,60,Ravi,Choudhary,Officer,95942.42,9162791691
1649,49,Priya,Singh,Manager,33947.35,9744440102
1650,97,Priya,Kumar,Assistant Manager,34680.26,9901394486
1651,9,Ravi,Gupta,Clerk,73705.46,9376507379
1652,95,Rajesh,Sharma,Branch Head,61912.4,9812477412
1653,7,Ravi,Gupta,Officer,94714.63,9129176735
1654,28,Ravi,Reddy,Manager,70781.66,9824380533
1655,83,Pooja,Kumar,Clerk,37360.65,9218338274
1656,80,Pooja,Verma,Officer,36360.19,9526669079
1657,43,Amit,Verma,Branch Head,24196.7,9381983354
1658,55,Ravi,Patel,Loan Officer,37882.64,9722552666
1659,44,Sonal,Singh,Loan Officer,81442.43,9111826021
1660,49,Neha,Sharma,Loan Officer,59555.09,9797385414
1661,98,Anita,Singh,Assistant Manager,54436.28,9130313940
1662,18,Sunil,Gupta,Assistant Manager,24041.17,9814318809
1663,56,Pooja,Choudhary,Clerk,65341.99,9426979893
1664,13,Vikram,Patel,Loan Officer,29332.68,9254172899
1665,96,Priya,Choudhary,Clerk,94521.25,9690842434
1666,26,Sonal,Jain,Officer,85128.58,9172579117
1667,92,Neha,Reddy,Cashier,26049.81,9109206885
1668,57,Amit,Kumar,Manager,41537.12,9111720495
1669,75,Pooja,Singh,Assistant Manager,75088.88,9648119574
1670,78,Sunil,Verma,Loan Officer,94013.92,9431342485
1671,1,Rajesh,Patel,Manager,47625.12,9253781320
1672,15,Anita,Verma,Assistant Manager,97958.22,9710821070
1673,81,Pooja,Jain,Manager,50986.49,9987482636
1674,6,Priya,Jain,Officer,25588.97,9371825188
1675,69,Amit,Choudhary,Officer,42248.45,9713278328
1676,33,Priya,Verma,Officer,95924.31,9304472166
1677,48,Sonal,Singh,Branch Head,81328.04,9800560079
1678,28,Sunil,Gupta,Cashier,74699.06,9319848672
1679,34,Pooja,Mehta,Cashier,28626.32,9539676807
1680,16,Priya,Sharma,Clerk,83561.72,9117440093
1681,65,Rajesh,Patel,Officer,88294.98,9366262749
1682,7,Amit,Verma,Manager,44189.37,9960226403
1683,68,Priya,Singh,Officer,83849.89,9752453822
1684,69,Rajesh,Kumar,Officer,98350.61,9531952654
1685,11,Priya,Patel,Cashier,79468.99,9488909673
1686,55,Neha,Jain,Clerk,53033.05,9589791265
1687,70,Neha,Jain,Manager,79278.09,9335234334
1688,90,Sunil,Jain,Assistant Manager,34608.3,9776921883
1689,66,Priya,Patel,Cashier,94044.54,9289972970
1690,93,Rajesh,Singh,Cashier,23272.28,9297853606
1691,54,Anita,Singh,Clerk,69252.8,9764441017
1692,100,Sunil,Choudhary,Manager,49563.32,9685747236
1693,17,Priya,Singh,Clerk,82325.87,9380736164
1694,98,Amit,Choudhary,Cashier,46003.51,9118126763
1695,31,Rajesh,Verma,Loan Officer,89401.22,9767927151
1696,66,Sunil,Reddy,Cashier,88563.18,9279770504
1697,44,Amit,Kumar,Loan Officer,23154.09,9514041658
1698,94,Priya,Kumar,Clerk,21058.11,9974478818
1699,82,Priya,Sharma,Manager,46630.51,9945159723
1700,18,Anita,Choudhary,Officer,30172.64,9626633708
1701,17,Sonal,Mehta,Officer,63833.82,9464657125
1702,81,Anita,Mehta,Officer,76732.6,9853281458
1703,62,Neha,Patel,Loan Officer,46423.1,9321465356
1704,72,Sunil,Gupta,Cashier,23858.48,9229339150
1705,82,Priya,Mehta,Loan Officer,33650.72,9847923635
1706,98,Rajesh,Verma,Clerk,26749.36,9111287496
1707,12,Vikram,Patel,Clerk,90641.79,9336198761
1708,48,Vikram,Gupta,Manager,40309.7,9624758492
1709,65,Amit,Singh,Clerk,26637.4,9974201958
1710,98,Pooja,Verma,Clerk,48631.08,9795522277
1711,20,Sonal,Reddy,Branch Head,27668.07,9248232510
1712,72,Vikram,Patel,Officer,90608.14,9570957251
1713,30,Priya,Reddy,Cashier,52602.01,9121446010
1714,60,Vikram,Kumar,Clerk,58946.24,9647970570
1715,55,Priya,Choudhary,Assistant Manager,61612.45,9725176383
1716,83,Ravi,Singh,Assistant Manager,42502.94,9363254234
1717,80,Sunil,Sharma,Clerk,77973.53,9759077429
1718,18,Sonal,Sharma,Assistant Manager,27362.09,9386702420
1719,23,Anita,Verma,Manager,92253.38,9213388656
1720,83,Sonal,Singh,Manager,74253.32,9639356299
1721,23,Anita,Sharma,Clerk,78209.01,9517927681
1722,56,Anita,Jain,Clerk,68054.6,9856951630
1723,4,Amit,Sharma,Assistant Manager,22174.98,9906897007
1724,75,Priya,Mehta,Officer,93263.76,9117160998
1725,45,Sunil,Gupta,Cashier,47167.34,9487059893
1726,2,Rajesh,Reddy,Cashier,64757.89,9986389187
1727,9,Anita,Jain,Loan Officer,98867.22,9195872889
1728,72,Rajesh,Verma,Clerk,45737.13,9813818805
1729,11,Rajesh,Mehta,Clerk,62484.97,9119285965
1730,96,Neha,Jain,Manager,56032.04,9962132316
1731,71,Pooja,Mehta,Manager,43968.55,9773540655
1732,45,Neha,Jain,Loan Officer,65382.93,9729919808
1733,71,Ravi,Gupta,Cashier,30890.37,9860800999
1734,94,Amit,Patel,Officer,34349.15,9285623431
1735,99,Priya,Sharma,Officer,59218.2,9988424578
1736,46,Pooja,Verma,Clerk,58504.17,9242961495
1737,68,Amit,Patel,Cashier,45963.37,9254182550
1738,61,Rajesh,Sharma,Clerk,79651.11,9104577212
1739,60,Neha,Kumar,Branch Head,76316.96,9536890619
1740,36,Neha,Singh,Cashier,48929.31,9555068000
1741,9,Neha,Mehta,Cashier,65669.48,9192903780
1742,29,Ravi,Patel,Branch Head,82037.5,9906798257
1743,37,Priya,Kumar,Officer,60442.68,9580845207
1744,48,Rajesh,Singh,Clerk,89152.07,9412721379
1745,95,Pooja,Reddy,Manager,64137.44,9439516794
1746,70,Anita,Singh,Cashier,66196.76,9361408015
1747,46,Pooja,Sharma,Assistant Manager,82487.92,9572627532
1748,69,Rajesh,Singh,Officer,45649.74,9821230532
1749,84,Pooja,Choudhary,Officer,72313.53,9782990154
1750,27,Anita,Jain,Branch Head,71037.4,9866139348
1751,80,Vikram,Mehta,Cashier,28263.15,9832175044
1752,5,Pooja,Singh,Manager,31062.83,9882288573
1753,37,Pooja,Patel,Clerk,42127.59,9992339316
1754,8,Priya,Choudhary,Officer,91460.7,9958405748
1755,56,Priya,Mehta,Manager,40099.86,9624118703
1756,77,Sunil,Patel,Cashier,39152.24,9325318852
1757,38,Ravi,Gupta,Officer,43364.32,9221812120
1758,2,Priya,Patel,Officer,32496.28,9930650105
1759,48,Priya,Kumar,Officer,89875.92,9897352146
1760,67,Amit,Patel,Officer,51541.04,9281097746
1761,60,Sunil,Mehta,Loan Officer,54597.36,9935654052
1762,36,Priya,Kumar,Manager,85959.39,9203361887
1763,6,Rajesh,Jain,Clerk,99329.03,9259527138
1764,52,Sonal,Mehta,Clerk,21869.34,9197728306
1765,23,Vikram,Gupta,Branch Head,39641.29,9565237129
1766,61,Rajesh,Verma,Assistant Manager,25269.15,9100453120
1767,17,Priya,Singh,Cashier,37238.68,9363405874
1768,46,Sonal,Kumar,Branch Head,76036.38,9797310909
1769,25,Sunil,Mehta,Assistant Manager,61402.88,9233425129
1770,55,Neha,Sharma,Assistant Manager,97806.28,9769955765
1771,1,Amit,Patel,Branch Head,43158.85,9369841135
1772,25,Sunil,Reddy,Assistant Manager,65102.2,9344376179
1773,18,Ravi,Verma,Clerk,28559.51,9255047142
1774,4,Anita,Verma,Manager,45456.47,9813669793
1775,37,Neha,Singh,Assistant Manager,74859.92,9497816773
1776,46,Priya,Jain,Assistant Manager,85511.68,9342417866
1777,29,Amit,Singh,Clerk,50682.04,9608628264
1778,53,Vikram,Verma,Branch Head,47770.29,9115357325
1779,11,Sonal,Verma,Branch Head,94550.46,9133159084
1780,8,Amit,Reddy,Assistant Manager,28198.22,9866001864
1781,56,Ravi,Singh,Cashier,74156.26,9595476638
1782,31,Pooja,Kumar,Cashier,29902.75,9780086749
1783,9,Vikram,Gupta,Officer,25831.16,9964302483
1784,21,Vikram,Choudhary,Loan Officer,95839.78,9719285632
1785,84,Amit,Sharma,Assistant Manager,86520.46,9242347213
1786,1,Sonal,Kumar,Loan Officer,74294.81,9162338632
1787,1,Sonal,Singh,Manager,58397.57,9459204411
1788,60,Anita,Patel,Cashier,95412.22,9202946128
1789,86,Rajesh,Sharma,Manager,59712.47,9963875324
1790,29,Anita,Reddy,Cashier,86205.02,9884585377
1791,81,Rajesh,Gupta,Clerk,46052.53,9569664394
1792,85,Priya,Kumar,Clerk,83811.36,9272310970
1793,15,Pooja,Sharma,Officer,54514.08,9521148460
1794,15,Priya,Patel,Loan Officer,71381.58,9142497277
1795,60,Vikram,Patel,Manager,21973.29,9239398813
1796,46,Sonal,Patel,Manager,79794.06,9737613948
1797,98,Amit,Singh,Cashier,77135.2,9815491956
1798,3,Pooja,Gupta,Loan Officer,85799.95,9547877457
1799,24,Priya,Kumar,Clerk,21530.81,9345449921
1800,27,Amit,Mehta,Officer,34926.02,9984297169
1801,35,Vikram,Patel,Clerk,88114.79,9982433526
1802,1,Priya,Singh,Branch Head,79410.99,9222009515
1803,78,Anita,Patel,Branch Head,26341.21,9157861982
1804,82,Pooja,Singh,Branch Head,45638.18,9462855382
1805,30,Ravi,Gupta,Cashier,30350.79,9765713502
1806,27,Priya,Choudhary,Loan Officer,64889.39,9266482001
1807,65,Sunil,Jain,Loan Officer,50891.14,9320829508
1808,50,Sunil,Sharma,Loan Officer,38644.87,9321121497
1809,54,Ravi,Verma,Loan Officer,82152.18,9686843797
1810,46,Sunil,Jain,Assistant Manager,88821.71,9965280722
1811,55,Rajesh,Sharma,Assistant Manager,83740.36,9527102643
1812,69,Pooja,Sharma,Branch Head,54710.21,9637105525
1813,76,Neha,Sharma,Branch Head,59920.39,9702399367
1814,53,Priya,Verma,Branch Head,74944.19,9700419998
1815,4,Sonal,Kumar,Clerk,41888.09,9177719787
1816,31,Pooja,Jain,Cashier,59716.47,9184980478
1817,22,Amit,Gupta,Branch Head,84995.7,9919753184
1818,84,Neha,Gupta,Assistant Manager,66322.29,9693786298
1819,3,Priya,Jain,Loan Officer,81598.43,9959948296
1820,16,Anita,Jain,Branch Head,75583.75,9211071361
1821,22,Neha,Mehta,Cashier,92822.64,9581783046
1822,43,Sunil,Choudhary,Cashier,57550.42,9430062681
1823,77,Neha,Sharma,Branch Head,26755.96,9677403331
1824,28,Amit,Sharma,Assistant Manager,39637.76,9192027184
1825,100,Pooja,Jain,Officer,35215.91,9529582413
1826,75,Sunil,Kumar,Assistant Manager,64134.66,9169150940
1827,44,Amit,Singh,Clerk,79711.86,9257841001
1828,17,Rajesh,Choudhary,Branch Head,21993.83,9511137753
1829,90,Ravi,Gupta,Loan Officer,57006.25,9630170931
1830,51,Sonal,Singh,Branch Head,72057.53,9800939958
1831,19,Pooja,Mehta,Officer,30502.7,9301301925
1832,21,Vikram,Choudhary,Officer,30691.47,9977590129
1833,46,Amit,Choudhary,Branch Head,76633.98,9407555617
1834,25,Ravi,Singh,Branch Head,94957.65,9755605620
1835,8,Anita,Jain,Clerk,89955.87,9400269526
1836,71,Neha,Choudhary,Loan Officer,25447.07,9756927443
1837,56,Rajesh,Patel,Loan Officer,22547.66,9581737221
1838,72,Rajesh,Singh,Branch Head,73123.83,9288066920
1839,11,Neha,Kumar,Officer,74764.58,9492299403
1840,7,Vikram,Singh,Assistant Manager,86724.78,9331640486
1841,32,Pooja,Sharma,Loan Officer,61992.55,9289261265
1842,90,Neha,Mehta,Officer,83654.42,9506093186
1843,5,Rajesh,Gupta,Manager,51805.08,9948145454
1844,33,Pooja,Verma,Assistant Manager,29658.28,9568113472
1845,64,Amit,Choudhary,Officer,69489.19,9612485737
1846,22,Priya,Gupta,Manager,43863.17,9684555973
1847,73,Ravi,Singh,Manager,80896.35,9495017918
1848,25,Vikram,Patel,Loan Officer,73113.95,9765154149
1849,1,Priya,Verma,Officer,98080.64,9240314407
1850,75,Pooja,Mehta,Loan Officer,89046.76,9329215042
1851,85,Anita,Choudhary,Loan Officer,27046.92,9269286844
1852,26,Vikram,Sharma,Manager,72001.06,9516599916
1853,81,Sunil,Mehta,Assistant Manager,97604.73,9178803144
1854,93,Sunil,Patel,Branch Head,58411.59,9536691101
1855,99,Sonal,Sharma,Clerk,47048.02,9602495779
1856,34,Pooja,Reddy,Branch Head,66856.85,9106538220
1857,47,Sunil,Kumar,Clerk,46036.94,9421772337
1858,63,Priya,Patel,Branch Head,87078.4,9855364536
1859,28,Sonal,Reddy,Officer,73306.88,9692104493
1860,81,Sonal,Patel,Loan Officer,99814.53,9568851818
1861,60,Sonal,Choudhary,Cashier,71418.02,9988312858
1862,68,Rajesh,Kumar,Manager,41030.29,9232037795
1863,28,Amit,Singh,Loan Officer,73635.99,9673848762
1864,55,Anita,Gupta,Loan Officer,95002.62,9922168462
1865,34,Sunil,Kumar,Loan Officer,24102.49,9157448822
1866,76,Vikram,Verma,Manager,22360.21,9994393690
1867,74,Anita,Reddy,Loan Officer,65983.67,9717467535
1868,69,Pooja,Jain,Branch Head,27796.11,9272606269
1869,76,Sunil,Sharma,Clerk,65490.84,9508658153
1870,36,Sunil,Singh,Branch Head,91299.53,9213586548
1871,22,Pooja,Verma,Assistant Manager,97185.77,9650484348
1872,42,Priya,Reddy,Cashier,90686.5,9133737813
1873,97,Pooja,Patel,Branch Head,28036.81,9716651315
1874,61,Vikram,Mehta,Clerk,83554.95,9296516400
1875,97,Ravi,Singh,Cashier,64330.41,9288520675
1876,45,Sunil,Singh,Loan Officer,54991.48,9882180089
1877,1,Sunil,Kumar,Branch Head,90013.12,9577220112
1878,26,Anita,Mehta,Manager,69834.51,9657739981
1879,60,Sunil,Singh,Assistant Manager,37753.31,9981589992
1880,22,Rajesh,Singh,Cashier,99483.2,9935410457
1881,73,Priya,Sharma,Loan Officer,25837.78,9103425102
1882,22,Amit,Kumar,Cashier,53241.49,9152708063
1883,69,Ravi,Jain,Cashier,72746.53,9988575160
1884,48,Pooja,Choudhary,Assistant Manager,96667.54,9373261707
1885,14,Amit,Verma,Loan Officer,39096.48,9244770183
1886,92,Anita,Reddy,Officer,48393.41,9223923578
1887,12,Ravi,Jain,Clerk,48017.88,9396645247
1888,51,Ravi,Singh,Clerk,28841.88,9101605458
1889,85,Anita,Verma,Loan Officer,43035.45,9228558031
1890,56,Anita,Kumar,Clerk,40865.56,9714350442
1891,29,Pooja,Mehta,Officer,80499.56,9909169232
1892,62,Sonal,Reddy,Branch Head,68004.37,9441424921
1893,32,Sonal,Verma,Assistant Manager,66994.69,9938661155
1894,79,Priya,Patel,Clerk,28699.74,9832721260
1895,11,Priya,Patel,Clerk,63077.87,9603731779
1896,14,Amit,Patel,Officer,77736.63,9567747489
1897,66,Neha,Singh,Manager,96969.0,9385512318
1898,48,Anita,Gupta,Manager,21620.76,9672501945
1899,81,Pooja,Jain,Loan Officer,22505.8,9316120116
1900,9,Sonal,Mehta,Officer,87332.33,9436890448
1901,32,Sonal,Gupta,Loan Officer,53344.59,9231788725
1902,15,Anita,Verma,Cashier,59585.87,9593225213
1903,32,Vikram,Mehta,Officer,47393.91,9143616452
1904,48,Pooja,Choudhary,Branch Head,70923.19,9233986960
1905,32,Vikram,Verma,Branch Head,67626.09,9341690809
1906,89,Amit,Jain,Cashier,97388.31,9717095894
1907,50,Priya,Reddy,Branch Head,89353.72,9141049186
1908,12,Amit,Verma,Loan Officer,99051.28,9382253420
1909,67,Sunil,Gupta,Branch Head,23799.62,9499049627
1910,17,Sonal,Jain,Officer,42279.75,9625367787
1911,80,Sunil,Singh,Assistant Manager,86174.24,9212485550
1912,54,Pooja,Mehta,Cashier,33648.12,9641496460
1913,19,Amit,Reddy,Clerk,91921.47,9568760504
1914,26,Sonal,Jain,Manager,29421.65,9709150602
1915,70,Sunil,Patel,Assistant Manager,85957.91,9872123341
1916,29,Sonal,Jain,Assistant Manager,48813.02,9883628253
1917,39,Vikram,Sharma,Cashier,77062.58,9154606160
1918,100,Sunil,Reddy,Assistant Manager,72541.72,9379780879
1919,40,Vikram,Verma,Loan Officer,22716.72,9737064525
1920,61,Pooja,Singh,Assistant Manager,56962.8,9253848657
1921,19,Amit,Reddy,Officer,77824.61,9710145965
1922,86,Vikram,Sharma,Assistant Manager,86566.07,9458102362
1923,22,Anita,Reddy,Cashier,43548.44,9432524729
1924,43,Vikram,Gupta,Branch Head,98267.03,9817774226
1925,30,Amit,Patel,Assistant Manager,41279.13,9847373945
1926,19,Anita,Sharma,Assistant Manager,38683.46,9788100563
1927,71,Amit,Sharma,Officer,51871.77,9320351332
1928,46,Vikram,Gupta,Loan Officer,45791.17,9804407684
1929,74,Vikram,Gupta,Cashier,23608.65,9126281495
1930,26,Priya,Jain,Assistant Manager,35114.52,9889477653
1931,68,Amit,Kumar,Assistant Manager,65320.8,9282052308
1932,83,Ravi,Verma,Officer,34544.2,9681362203
1933,96,Vikram,Kumar,Clerk,61410.88,9475625755
1934,72,Neha,Choudhary,Loan Officer,91999.65,9658648473
1935,1,Amit,Reddy,Loan Officer,43829.06,9332767371
1936,78,Anita,Sharma,Assistant Manager,35784.25,9286622761
1937,93,Rajesh,Singh,Officer,42161.49,9534455973
1938,30,Sunil,Reddy,Officer,78160.39,9345061814
1939,8,Vikram,Sharma,Officer,84215.06,9210724781
1940,32,Anita,Patel,Branch Head,96803.37,9919067933
1941,56,Neha,Kumar,Manager,58633.1,9117284146
1942,25,Neha,Singh,Clerk,44433.09,9882032645
1943,22,Sonal,Kumar,Branch Head,30759.1,9870844825
1944,47,Ravi,Jain,Clerk,81691.96,9387807886
1945,94,Amit,Mehta,Cashier,24265.01,9527401247
1946,93,Sunil,Reddy,Manager,61128.37,9173866685
1947,72,Sunil,Kumar,Cashier,97523.69,9414343538
1948,39,Priya,Verma,Manager,57902.87,9806105728
1949,2,Priya,Kumar,Clerk,98658.63,9202080532
1950,20,Sunil,Verma,Manager,86157.21,9170133454
1951,25,Pooja,Sharma,Branch Head,57090.66,9377906936
1952,7,Sunil,Singh,Assistant Manager,41547.83,9161110695
1953,6,Priya,Singh,Loan Officer,95646.17,9879490642
1954,36,Vikram,Patel,Branch Head,95507.91,9810716433
1955,14,Sunil,Singh,Clerk,64998.77,9243566790
1956,74,Anita,Verma,Branch Head,26479.66,9658344645
1957,26,Anita,Jain,Cashier,78055.78,9142254589
1958,97,Neha,Singh,Officer,80750.3,9932251154
1959,79,Pooja,Jain,Officer,57485.04,9438836259
1960,2,Anita,Choudhary,Clerk,91054.25,9348976171
1961,3,Amit,Singh,Assistant Manager,98738.22,9282064949
1962,46,Sonal,Choudhary,Clerk,89138.55,9773365187
1963,51,Vikram,Choudhary,Cashier,70390.49,9120731515
1964,79,Sunil,Choudhary,Manager,83630.5,9801207338
1965,30,Neha,Patel,Cashier,29830.18,9343697453
1966,56,Sunil,Verma,Assistant Manager,30195.39,9104349625
1967,18,Amit,Reddy,Cashier,36506.33,9251594014
1968,72,Sonal,Choudhary,Branch Head,73328.86,9345913983
1969,1,Ravi,Singh,Assistant Manager,21449.43,9201781786
1970,5,Neha,Sharma,Branch Head,22705.32,9468636594
1971,90,Pooja,Gupta,Officer,83063.68,9554791375
1972,36,Pooja,Verma,Assistant Manager,40361.75,9853000053
1973,24,Neha,Verma,Manager,29199.28,9105844465
1974,95,Priya,Choudhary,Officer,37566.87,9128336069
1975,70,Rajesh,Mehta,Loan Officer,75140.72,9568299619
1976,55,Amit,Kumar,Loan Officer,98429.33,9374750389
1977,7,Vikram,Reddy,Officer,87172.18,9175542668
1978,32,Amit,Mehta,Loan Officer,85056.69,9176699722
1979,12,Priya,Kumar,Officer,80435.67,9397104814
1980,45,Amit,Reddy,Branch Head,38251.69,9356130059
1981,57,Amit,Verma,Loan Officer,99362.81,9748541360
1982,92,Sonal,Singh,Clerk,77587.37,9478402326
1983,85,Vikram,Sharma,Cashier,76748.41,9668756201
1984,64,Sunil,Jain,Cashier,59528.4,9125952268
1985,5,Sonal,Kumar,Clerk,35665.64,9961320792
1986,1,Priya,Verma,Loan Officer,34704.09,9315348896
1987,15,Sunil,Reddy,Clerk,81818.29,9476152846
1988,80,Neha,Mehta,Branch Head,40339.99,9180156589
1989,96,Neha,Singh,Branch Head,48794.33,9945440358
1990,20,Pooja,Mehta,Officer,66263.45,9498287268
1991,29,Neha,Choudhary,Branch Head,47838.35,9452718043
1992,97,Priya,Jain,Loan Officer,93016.35,9921974862
1993,5,Vikram,Choudhary,Branch Head,70382.51,9905255640
1994,20,Neha,Sharma,Cashier,59881.94,9465789846
1995,30,Vikram,Mehta,Clerk,63467.73,9438873421
1996,90,Vikram,Singh,Assistant Manager,95913.4,9986029321
1997,34,Amit,Jain,Cashier,41170.38,9438638483
1998,67,Neha,Choudhary,Cashier,46578.53,9679465121
1999,96,Sonal,Patel,Clerk,21198.39,9283368202
2000,93,Priya,Verma,Manager,83866.61,9247394487
